-- ================================================================
-- Sample Data for Attendance Management System
-- 20 Students + 1 Teacher + Attendance Records (Jan 1 - Feb 12, 2026)
-- ================================================================

-- Teacher: teacher_fine (Password: teacher123)
INSERT INTO users (id, username, password, role, name) VALUES 
(10, 'teacher_fine', '$2y$10$92IXUNpkjO0rOQ5byMi.Ye4oKoEa3Ro9llC/.og/at2.uheWG/igi', 'teacher', 'Fine Teacher');

-- 20 Students (Password for all: student123)
INSERT INTO users (id, username, password, role, name) VALUES 
(20, 'suresh', '$2y$10$92IXUNpkjO0rOQ5byMi.Ye4oKoEa3Ro9llC/.og/at2.uheWG/igi', 'student', 'Suresh Kumar'),
(21, 'ramesh', '$2y$10$92IXUNpkjO0rOQ5byMi.Ye4oKoEa3Ro9llC/.og/at2.uheWG/igi', 'student', 'Ramesh Patel'),
(22, 'mahesh', '$2y$10$92IXUNpkjO0rOQ5byMi.Ye4oKoEa3Ro9llC/.og/at2.uheWG/igi', 'student', 'Mahesh Singh'),
(23, 'ganesh', '$2y$10$92IXUNpkjO0rOQ5byMi.Ye4oKoEa3Ro9llC/.og/at2.uheWG/igi', 'student', 'Ganesh Sharma'),
(24, 'naresh', '$2y$10$92IXUNpkjO0rOQ5byMi.Ye4oKoEa3Ro9llC/.og/at2.uheWG/igi', 'student', 'Naresh Verma'),
(25, 'rajesh', '$2y$10$92IXUNpkjO0rOQ5byMi.Ye4oKoEa3Ro9llC/.og/at2.uheWG/igi', 'student', 'Rajesh Gupta'),
(26, 'dinesh', '$2y$10$92IXUNpkjO0rOQ5byMi.Ye4oKoEa3Ro9llC/.og/at2.uheWG/igi', 'student', 'Dinesh Kumar'),
(27, 'mukesh', '$2y$10$92IXUNpkjO0rOQ5byMi.Ye4oKoEa3Ro9llC/.og/at2.uheWG/igi', 'student', 'Mukesh Jain'),
(28, 'lokesh', '$2y$10$92IXUNpkjO0rOQ5byMi.Ye4oKoEa3Ro9llC/.og/at2.uheWG/igi', 'student', 'Lokesh Yadav'),
(29, 'hitesh', '$2y$10$92IXUNpkjO0rOQ5byMi.Ye4oKoEa3Ro9llC/.og/at2.uheWG/igi', 'student', 'Hitesh Reddy'),
(30, 'amit', '$2y$10$92IXUNpkjO0rOQ5byMi.Ye4oKoEa3Ro9llC/.og/at2.uheWG/igi', 'student', 'Amit Shah'),
(31, 'sumit', '$2y$10$92IXUNpkjO0rOQ5byMi.Ye4oKoEa3Ro9llC/.og/at2.uheWG/igi', 'student', 'Sumit Mehta'),
(32, 'rohit', '$2y$10$92IXUNpkjO0rOQ5byMi.Ye4oKoEa3Ro9llC/.og/at2.uheWG/igi', 'student', 'Rohit Chopra'),
(33, 'mohit', '$2y$10$92IXUNpkjO0rOQ5byMi.Ye4oKoEa3Ro9llC/.og/at2.uheWG/igi', 'student', 'Mohit Agarwal'),
(34, 'vikas', '$2y$10$92IXUNpkjO0rOQ5byMi.Ye4oKoEa3Ro9llC/.og/at2.uheWG/igi', 'student', 'Vikas Malhotra'),
(35, 'ankit', '$2y$10$92IXUNpkjO0rOQ5byMi.Ye4oKoEa3Ro9llC/.og/at2.uheWG/igi', 'student', 'Ankit Kapoor'),
(36, 'sachin', '$2y$10$92IXUNpkjO0rOQ5byMi.Ye4oKoEa3Ro9llC/.og/at2.uheWG/igi', 'student', 'Sachin Desai'),
(37, 'pankaj', '$2y$10$92IXUNpkjO0rOQ5byMi.Ye4oKoEa3Ro9llC/.og/at2.uheWG/igi', 'student', 'Pankaj Nair'),
(38, 'kiran', '$2y$10$92IXUNpkjO0rOQ5byMi.Ye4oKoEa3Ro9llC/.og/at2.uheWG/igi', 'student', 'Kiran Pillai'),
(39, 'nitin', '$2y$10$92IXUNpkjO0rOQ5byMi.Ye4oKoEa3Ro9llC/.og/at2.uheWG/igi', 'student', 'Nitin Bhatt');

-- Enroll students in BSc IT Semester 1 (course_id=1, semester=1)
INSERT INTO students (id, user_id, name, roll_number, course_id, semester, academic_year) VALUES 
(1, 20, 'Suresh Kumar', 'IT2026001', 1, 1, '2025-26'),
(2, 21, 'Ramesh Patel', 'IT2026002', 1, 1, '2025-26'),
(3, 22, 'Mahesh Singh', 'IT2026003', 1, 1, '2025-26'),
(4, 23, 'Ganesh Sharma', 'IT2026004', 1, 1, '2025-26'),
(5, 24, 'Naresh Verma', 'IT2026005', 1, 1, '2025-26'),
(6, 25, 'Rajesh Gupta', 'IT2026006', 1, 1, '2025-26'),
(7, 26, 'Dinesh Kumar', 'IT2026007', 1, 1, '2025-26'),
(8, 27, 'Mukesh Jain', 'IT2026008', 1, 1, '2025-26'),
(9, 28, 'Lokesh Yadav', 'IT2026009', 1, 1, '2025-26'),
(10, 29, 'Hitesh Reddy', 'IT2026010', 1, 1, '2025-26'),
(11, 30, 'Amit Shah', 'IT2026011', 1, 1, '2025-26'),
(12, 31, 'Sumit Mehta', 'IT2026012', 1, 1, '2025-26'),
(13, 32, 'Rohit Chopra', 'IT2026013', 1, 1, '2025-26'),
(14, 33, 'Mohit Agarwal', 'IT2026014', 1, 1, '2025-26'),
(15, 34, 'Vikas Malhotra', 'IT2026015', 1, 1, '2025-26'),
(16, 35, 'Ankit Kapoor', 'IT2026016', 1, 1, '2025-26'),
(17, 36, 'Sachin Desai', 'IT2026017', 1, 1, '2025-26'),
(18, 37, 'Pankaj Nair', 'IT2026018', 1, 1, '2025-26'),
(19, 38, 'Kiran Pillai', 'IT2026019', 1, 1, '2025-26'),
(20, 39, 'Nitin Bhatt', 'IT2026020', 1, 1, '2025-26');

-- Assign teacher to subject (Programming in C - subject_id=1)
INSERT INTO teacher_subjects (teacher_id, subject_id, academic_year) VALUES (10, 1, '2025-26');

-- ================================================================
-- Attendance Records (January 1 - February 12, 2026)
-- Subject: Programming in C (subject_id=1), Period 1
-- Pattern: Students 5, 10, 15, 20 are frequently absent
-- ================================================================

-- ================================================================
-- Attendance Records: January 1 - February 12, 2026
-- Subject ID: 1 (Programming in C), Period: 1
-- Teacher ID: 10 (teacher_fine)
-- Total Records: 620
-- ================================================================

INSERT INTO attendance (id, student_id, subject_id, period_number, date, day_of_week, status, marked_by) VALUES (100, 1, 1, 1, '2026-01-01', 'Thursday', 'present', 10);
INSERT INTO attendance (id, student_id, subject_id, period_number, date, day_of_week, status, marked_by) VALUES (101, 2, 1, 1, '2026-01-01', 'Thursday', 'present', 10);
INSERT INTO attendance (id, student_id, subject_id, period_number, date, day_of_week, status, marked_by) VALUES (102, 3, 1, 1, '2026-01-01', 'Thursday', 'present', 10);
INSERT INTO attendance (id, student_id, subject_id, period_number, date, day_of_week, status, marked_by) VALUES (103, 4, 1, 1, '2026-01-01', 'Thursday', 'present', 10);
INSERT INTO attendance (id, student_id, subject_id, period_number, date, day_of_week, status, marked_by) VALUES (104, 5, 1, 1, '2026-01-01', 'Thursday', 'absent', 10);
INSERT INTO attendance (id, student_id, subject_id, period_number, date, day_of_week, status, marked_by) VALUES (105, 6, 1, 1, '2026-01-01', 'Thursday', 'present', 10);
INSERT INTO attendance (id, student_id, subject_id, period_number, date, day_of_week, status, marked_by) VALUES (106, 7, 1, 1, '2026-01-01', 'Thursday', 'present', 10);
INSERT INTO attendance (id, student_id, subject_id, period_number, date, day_of_week, status, marked_by) VALUES (107, 8, 1, 1, '2026-01-01', 'Thursday', 'present', 10);
INSERT INTO attendance (id, student_id, subject_id, period_number, date, day_of_week, status, marked_by) VALUES (108, 9, 1, 1, '2026-01-01', 'Thursday', 'present', 10);
INSERT INTO attendance (id, student_id, subject_id, period_number, date, day_of_week, status, marked_by) VALUES (109, 10, 1, 1, '2026-01-01', 'Thursday', 'absent', 10);
INSERT INTO attendance (id, student_id, subject_id, period_number, date, day_of_week, status, marked_by) VALUES (110, 11, 1, 1, '2026-01-01', 'Thursday', 'present', 10);
INSERT INTO attendance (id, student_id, subject_id, period_number, date, day_of_week, status, marked_by) VALUES (111, 12, 1, 1, '2026-01-01', 'Thursday', 'present', 10);
INSERT INTO attendance (id, student_id, subject_id, period_number, date, day_of_week, status, marked_by) VALUES (112, 13, 1, 1, '2026-01-01', 'Thursday', 'present', 10);
INSERT INTO attendance (id, student_id, subject_id, period_number, date, day_of_week, status, marked_by) VALUES (113, 14, 1, 1, '2026-01-01', 'Thursday', 'present', 10);
INSERT INTO attendance (id, student_id, subject_id, period_number, date, day_of_week, status, marked_by) VALUES (114, 15, 1, 1, '2026-01-01', 'Thursday', 'absent', 10);
INSERT INTO attendance (id, student_id, subject_id, period_number, date, day_of_week, status, marked_by) VALUES (115, 16, 1, 1, '2026-01-01', 'Thursday', 'present', 10);
INSERT INTO attendance (id, student_id, subject_id, period_number, date, day_of_week, status, marked_by) VALUES (116, 17, 1, 1, '2026-01-01', 'Thursday', 'present', 10);
INSERT INTO attendance (id, student_id, subject_id, period_number, date, day_of_week, status, marked_by) VALUES (117, 18, 1, 1, '2026-01-01', 'Thursday', 'present', 10);
INSERT INTO attendance (id, student_id, subject_id, period_number, date, day_of_week, status, marked_by) VALUES (118, 19, 1, 1, '2026-01-01', 'Thursday', 'present', 10);
INSERT INTO attendance (id, student_id, subject_id, period_number, date, day_of_week, status, marked_by) VALUES (119, 20, 1, 1, '2026-01-01', 'Thursday', 'absent', 10);
INSERT INTO attendance (id, student_id, subject_id, period_number, date, day_of_week, status, marked_by) VALUES (120, 1, 1, 1, '2026-01-02', 'Friday', 'present', 10);
INSERT INTO attendance (id, student_id, subject_id, period_number, date, day_of_week, status, marked_by) VALUES (121, 2, 1, 1, '2026-01-02', 'Friday', 'present', 10);
INSERT INTO attendance (id, student_id, subject_id, period_number, date, day_of_week, status, marked_by) VALUES (122, 3, 1, 1, '2026-01-02', 'Friday', 'present', 10);
INSERT INTO attendance (id, student_id, subject_id, period_number, date, day_of_week, status, marked_by) VALUES (123, 4, 1, 1, '2026-01-02', 'Friday', 'present', 10);
INSERT INTO attendance (id, student_id, subject_id, period_number, date, day_of_week, status, marked_by) VALUES (124, 5, 1, 1, '2026-01-02', 'Friday', 'absent', 10);
INSERT INTO attendance (id, student_id, subject_id, period_number, date, day_of_week, status, marked_by) VALUES (125, 6, 1, 1, '2026-01-02', 'Friday', 'present', 10);
INSERT INTO attendance (id, student_id, subject_id, period_number, date, day_of_week, status, marked_by) VALUES (126, 7, 1, 1, '2026-01-02', 'Friday', 'present', 10);
INSERT INTO attendance (id, student_id, subject_id, period_number, date, day_of_week, status, marked_by) VALUES (127, 8, 1, 1, '2026-01-02', 'Friday', 'present', 10);
INSERT INTO attendance (id, student_id, subject_id, period_number, date, day_of_week, status, marked_by) VALUES (128, 9, 1, 1, '2026-01-02', 'Friday', 'present', 10);
INSERT INTO attendance (id, student_id, subject_id, period_number, date, day_of_week, status, marked_by) VALUES (129, 10, 1, 1, '2026-01-02', 'Friday', 'absent', 10);
INSERT INTO attendance (id, student_id, subject_id, period_number, date, day_of_week, status, marked_by) VALUES (130, 11, 1, 1, '2026-01-02', 'Friday', 'present', 10);
INSERT INTO attendance (id, student_id, subject_id, period_number, date, day_of_week, status, marked_by) VALUES (131, 12, 1, 1, '2026-01-02', 'Friday', 'present', 10);
INSERT INTO attendance (id, student_id, subject_id, period_number, date, day_of_week, status, marked_by) VALUES (132, 13, 1, 1, '2026-01-02', 'Friday', 'present', 10);
INSERT INTO attendance (id, student_id, subject_id, period_number, date, day_of_week, status, marked_by) VALUES (133, 14, 1, 1, '2026-01-02', 'Friday', 'present', 10);
INSERT INTO attendance (id, student_id, subject_id, period_number, date, day_of_week, status, marked_by) VALUES (134, 15, 1, 1, '2026-01-02', 'Friday', 'absent', 10);
INSERT INTO attendance (id, student_id, subject_id, period_number, date, day_of_week, status, marked_by) VALUES (135, 16, 1, 1, '2026-01-02', 'Friday', 'present', 10);
INSERT INTO attendance (id, student_id, subject_id, period_number, date, day_of_week, status, marked_by) VALUES (136, 17, 1, 1, '2026-01-02', 'Friday', 'present', 10);
INSERT INTO attendance (id, student_id, subject_id, period_number, date, day_of_week, status, marked_by) VALUES (137, 18, 1, 1, '2026-01-02', 'Friday', 'present', 10);
INSERT INTO attendance (id, student_id, subject_id, period_number, date, day_of_week, status, marked_by) VALUES (138, 19, 1, 1, '2026-01-02', 'Friday', 'present', 10);
INSERT INTO attendance (id, student_id, subject_id, period_number, date, day_of_week, status, marked_by) VALUES (139, 20, 1, 1, '2026-01-02', 'Friday', 'absent', 10);
INSERT INTO attendance (id, student_id, subject_id, period_number, date, day_of_week, status, marked_by) VALUES (140, 1, 1, 1, '2026-01-05', 'Monday', 'present', 10);
INSERT INTO attendance (id, student_id, subject_id, period_number, date, day_of_week, status, marked_by) VALUES (141, 2, 1, 1, '2026-01-05', 'Monday', 'present', 10);
INSERT INTO attendance (id, student_id, subject_id, period_number, date, day_of_week, status, marked_by) VALUES (142, 3, 1, 1, '2026-01-05', 'Monday', 'present', 10);
INSERT INTO attendance (id, student_id, subject_id, period_number, date, day_of_week, status, marked_by) VALUES (143, 4, 1, 1, '2026-01-05', 'Monday', 'present', 10);
INSERT INTO attendance (id, student_id, subject_id, period_number, date, day_of_week, status, marked_by) VALUES (144, 5, 1, 1, '2026-01-05', 'Monday', 'absent', 10);
INSERT INTO attendance (id, student_id, subject_id, period_number, date, day_of_week, status, marked_by) VALUES (145, 6, 1, 1, '2026-01-05', 'Monday', 'present', 10);
INSERT INTO attendance (id, student_id, subject_id, period_number, date, day_of_week, status, marked_by) VALUES (146, 7, 1, 1, '2026-01-05', 'Monday', 'present', 10);
INSERT INTO attendance (id, student_id, subject_id, period_number, date, day_of_week, status, marked_by) VALUES (147, 8, 1, 1, '2026-01-05', 'Monday', 'present', 10);
INSERT INTO attendance (id, student_id, subject_id, period_number, date, day_of_week, status, marked_by) VALUES (148, 9, 1, 1, '2026-01-05', 'Monday', 'present', 10);
INSERT INTO attendance (id, student_id, subject_id, period_number, date, day_of_week, status, marked_by) VALUES (149, 10, 1, 1, '2026-01-05', 'Monday', 'absent', 10);
INSERT INTO attendance (id, student_id, subject_id, period_number, date, day_of_week, status, marked_by) VALUES (150, 11, 1, 1, '2026-01-05', 'Monday', 'present', 10);
INSERT INTO attendance (id, student_id, subject_id, period_number, date, day_of_week, status, marked_by) VALUES (151, 12, 1, 1, '2026-01-05', 'Monday', 'present', 10);
INSERT INTO attendance (id, student_id, subject_id, period_number, date, day_of_week, status, marked_by) VALUES (152, 13, 1, 1, '2026-01-05', 'Monday', 'present', 10);
INSERT INTO attendance (id, student_id, subject_id, period_number, date, day_of_week, status, marked_by) VALUES (153, 14, 1, 1, '2026-01-05', 'Monday', 'present', 10);
INSERT INTO attendance (id, student_id, subject_id, period_number, date, day_of_week, status, marked_by) VALUES (154, 15, 1, 1, '2026-01-05', 'Monday', 'absent', 10);
INSERT INTO attendance (id, student_id, subject_id, period_number, date, day_of_week, status, marked_by) VALUES (155, 16, 1, 1, '2026-01-05', 'Monday', 'present', 10);
INSERT INTO attendance (id, student_id, subject_id, period_number, date, day_of_week, status, marked_by) VALUES (156, 17, 1, 1, '2026-01-05', 'Monday', 'present', 10);
INSERT INTO attendance (id, student_id, subject_id, period_number, date, day_of_week, status, marked_by) VALUES (157, 18, 1, 1, '2026-01-05', 'Monday', 'present', 10);
INSERT INTO attendance (id, student_id, subject_id, period_number, date, day_of_week, status, marked_by) VALUES (158, 19, 1, 1, '2026-01-05', 'Monday', 'present', 10);
INSERT INTO attendance (id, student_id, subject_id, period_number, date, day_of_week, status, marked_by) VALUES (159, 20, 1, 1, '2026-01-05', 'Monday', 'absent', 10);
INSERT INTO attendance (id, student_id, subject_id, period_number, date, day_of_week, status, marked_by) VALUES (160, 1, 1, 1, '2026-01-06', 'Tuesday', 'present', 10);
INSERT INTO attendance (id, student_id, subject_id, period_number, date, day_of_week, status, marked_by) VALUES (161, 2, 1, 1, '2026-01-06', 'Tuesday', 'present', 10);
INSERT INTO attendance (id, student_id, subject_id, period_number, date, day_of_week, status, marked_by) VALUES (162, 3, 1, 1, '2026-01-06', 'Tuesday', 'present', 10);
INSERT INTO attendance (id, student_id, subject_id, period_number, date, day_of_week, status, marked_by) VALUES (163, 4, 1, 1, '2026-01-06', 'Tuesday', 'present', 10);
INSERT INTO attendance (id, student_id, subject_id, period_number, date, day_of_week, status, marked_by) VALUES (164, 5, 1, 1, '2026-01-06', 'Tuesday', 'absent', 10);
INSERT INTO attendance (id, student_id, subject_id, period_number, date, day_of_week, status, marked_by) VALUES (165, 6, 1, 1, '2026-01-06', 'Tuesday', 'present', 10);
INSERT INTO attendance (id, student_id, subject_id, period_number, date, day_of_week, status, marked_by) VALUES (166, 7, 1, 1, '2026-01-06', 'Tuesday', 'present', 10);
INSERT INTO attendance (id, student_id, subject_id, period_number, date, day_of_week, status, marked_by) VALUES (167, 8, 1, 1, '2026-01-06', 'Tuesday', 'present', 10);
INSERT INTO attendance (id, student_id, subject_id, period_number, date, day_of_week, status, marked_by) VALUES (168, 9, 1, 1, '2026-01-06', 'Tuesday', 'present', 10);
INSERT INTO attendance (id, student_id, subject_id, period_number, date, day_of_week, status, marked_by) VALUES (169, 10, 1, 1, '2026-01-06', 'Tuesday', 'absent', 10);
INSERT INTO attendance (id, student_id, subject_id, period_number, date, day_of_week, status, marked_by) VALUES (170, 11, 1, 1, '2026-01-06', 'Tuesday', 'present', 10);
INSERT INTO attendance (id, student_id, subject_id, period_number, date, day_of_week, status, marked_by) VALUES (171, 12, 1, 1, '2026-01-06', 'Tuesday', 'present', 10);
INSERT INTO attendance (id, student_id, subject_id, period_number, date, day_of_week, status, marked_by) VALUES (172, 13, 1, 1, '2026-01-06', 'Tuesday', 'present', 10);
INSERT INTO attendance (id, student_id, subject_id, period_number, date, day_of_week, status, marked_by) VALUES (173, 14, 1, 1, '2026-01-06', 'Tuesday', 'present', 10);
INSERT INTO attendance (id, student_id, subject_id, period_number, date, day_of_week, status, marked_by) VALUES (174, 15, 1, 1, '2026-01-06', 'Tuesday', 'absent', 10);
INSERT INTO attendance (id, student_id, subject_id, period_number, date, day_of_week, status, marked_by) VALUES (175, 16, 1, 1, '2026-01-06', 'Tuesday', 'present', 10);
INSERT INTO attendance (id, student_id, subject_id, period_number, date, day_of_week, status, marked_by) VALUES (176, 17, 1, 1, '2026-01-06', 'Tuesday', 'present', 10);
INSERT INTO attendance (id, student_id, subject_id, period_number, date, day_of_week, status, marked_by) VALUES (177, 18, 1, 1, '2026-01-06', 'Tuesday', 'present', 10);
INSERT INTO attendance (id, student_id, subject_id, period_number, date, day_of_week, status, marked_by) VALUES (178, 19, 1, 1, '2026-01-06', 'Tuesday', 'present', 10);
INSERT INTO attendance (id, student_id, subject_id, period_number, date, day_of_week, status, marked_by) VALUES (179, 20, 1, 1, '2026-01-06', 'Tuesday', 'absent', 10);
INSERT INTO attendance (id, student_id, subject_id, period_number, date, day_of_week, status, marked_by) VALUES (180, 1, 1, 1, '2026-01-07', 'Wednesday', 'present', 10);
INSERT INTO attendance (id, student_id, subject_id, period_number, date, day_of_week, status, marked_by) VALUES (181, 2, 1, 1, '2026-01-07', 'Wednesday', 'present', 10);
INSERT INTO attendance (id, student_id, subject_id, period_number, date, day_of_week, status, marked_by) VALUES (182, 3, 1, 1, '2026-01-07', 'Wednesday', 'present', 10);
INSERT INTO attendance (id, student_id, subject_id, period_number, date, day_of_week, status, marked_by) VALUES (183, 4, 1, 1, '2026-01-07', 'Wednesday', 'present', 10);
INSERT INTO attendance (id, student_id, subject_id, period_number, date, day_of_week, status, marked_by) VALUES (184, 5, 1, 1, '2026-01-07', 'Wednesday', 'absent', 10);
INSERT INTO attendance (id, student_id, subject_id, period_number, date, day_of_week, status, marked_by) VALUES (185, 6, 1, 1, '2026-01-07', 'Wednesday', 'present', 10);
INSERT INTO attendance (id, student_id, subject_id, period_number, date, day_of_week, status, marked_by) VALUES (186, 7, 1, 1, '2026-01-07', 'Wednesday', 'present', 10);
INSERT INTO attendance (id, student_id, subject_id, period_number, date, day_of_week, status, marked_by) VALUES (187, 8, 1, 1, '2026-01-07', 'Wednesday', 'present', 10);
INSERT INTO attendance (id, student_id, subject_id, period_number, date, day_of_week, status, marked_by) VALUES (188, 9, 1, 1, '2026-01-07', 'Wednesday', 'present', 10);
INSERT INTO attendance (id, student_id, subject_id, period_number, date, day_of_week, status, marked_by) VALUES (189, 10, 1, 1, '2026-01-07', 'Wednesday', 'absent', 10);
INSERT INTO attendance (id, student_id, subject_id, period_number, date, day_of_week, status, marked_by) VALUES (190, 11, 1, 1, '2026-01-07', 'Wednesday', 'present', 10);
INSERT INTO attendance (id, student_id, subject_id, period_number, date, day_of_week, status, marked_by) VALUES (191, 12, 1, 1, '2026-01-07', 'Wednesday', 'present', 10);
INSERT INTO attendance (id, student_id, subject_id, period_number, date, day_of_week, status, marked_by) VALUES (192, 13, 1, 1, '2026-01-07', 'Wednesday', 'present', 10);
INSERT INTO attendance (id, student_id, subject_id, period_number, date, day_of_week, status, marked_by) VALUES (193, 14, 1, 1, '2026-01-07', 'Wednesday', 'present', 10);
INSERT INTO attendance (id, student_id, subject_id, period_number, date, day_of_week, status, marked_by) VALUES (194, 15, 1, 1, '2026-01-07', 'Wednesday', 'absent', 10);
INSERT INTO attendance (id, student_id, subject_id, period_number, date, day_of_week, status, marked_by) VALUES (195, 16, 1, 1, '2026-01-07', 'Wednesday', 'present', 10);
INSERT INTO attendance (id, student_id, subject_id, period_number, date, day_of_week, status, marked_by) VALUES (196, 17, 1, 1, '2026-01-07', 'Wednesday', 'present', 10);
INSERT INTO attendance (id, student_id, subject_id, period_number, date, day_of_week, status, marked_by) VALUES (197, 18, 1, 1, '2026-01-07', 'Wednesday', 'present', 10);
INSERT INTO attendance (id, student_id, subject_id, period_number, date, day_of_week, status, marked_by) VALUES (198, 19, 1, 1, '2026-01-07', 'Wednesday', 'present', 10);
INSERT INTO attendance (id, student_id, subject_id, period_number, date, day_of_week, status, marked_by) VALUES (199, 20, 1, 1, '2026-01-07', 'Wednesday', 'absent', 10);
INSERT INTO attendance (id, student_id, subject_id, period_number, date, day_of_week, status, marked_by) VALUES (200, 1, 1, 1, '2026-01-08', 'Thursday', 'present', 10);
INSERT INTO attendance (id, student_id, subject_id, period_number, date, day_of_week, status, marked_by) VALUES (201, 2, 1, 1, '2026-01-08', 'Thursday', 'present', 10);
INSERT INTO attendance (id, student_id, subject_id, period_number, date, day_of_week, status, marked_by) VALUES (202, 3, 1, 1, '2026-01-08', 'Thursday', 'present', 10);
INSERT INTO attendance (id, student_id, subject_id, period_number, date, day_of_week, status, marked_by) VALUES (203, 4, 1, 1, '2026-01-08', 'Thursday', 'present', 10);
INSERT INTO attendance (id, student_id, subject_id, period_number, date, day_of_week, status, marked_by) VALUES (204, 5, 1, 1, '2026-01-08', 'Thursday', 'absent', 10);
INSERT INTO attendance (id, student_id, subject_id, period_number, date, day_of_week, status, marked_by) VALUES (205, 6, 1, 1, '2026-01-08', 'Thursday', 'present', 10);
INSERT INTO attendance (id, student_id, subject_id, period_number, date, day_of_week, status, marked_by) VALUES (206, 7, 1, 1, '2026-01-08', 'Thursday', 'present', 10);
INSERT INTO attendance (id, student_id, subject_id, period_number, date, day_of_week, status, marked_by) VALUES (207, 8, 1, 1, '2026-01-08', 'Thursday', 'present', 10);
INSERT INTO attendance (id, student_id, subject_id, period_number, date, day_of_week, status, marked_by) VALUES (208, 9, 1, 1, '2026-01-08', 'Thursday', 'present', 10);
INSERT INTO attendance (id, student_id, subject_id, period_number, date, day_of_week, status, marked_by) VALUES (209, 10, 1, 1, '2026-01-08', 'Thursday', 'absent', 10);
INSERT INTO attendance (id, student_id, subject_id, period_number, date, day_of_week, status, marked_by) VALUES (210, 11, 1, 1, '2026-01-08', 'Thursday', 'present', 10);
INSERT INTO attendance (id, student_id, subject_id, period_number, date, day_of_week, status, marked_by) VALUES (211, 12, 1, 1, '2026-01-08', 'Thursday', 'present', 10);
INSERT INTO attendance (id, student_id, subject_id, period_number, date, day_of_week, status, marked_by) VALUES (212, 13, 1, 1, '2026-01-08', 'Thursday', 'present', 10);
INSERT INTO attendance (id, student_id, subject_id, period_number, date, day_of_week, status, marked_by) VALUES (213, 14, 1, 1, '2026-01-08', 'Thursday', 'present', 10);
INSERT INTO attendance (id, student_id, subject_id, period_number, date, day_of_week, status, marked_by) VALUES (214, 15, 1, 1, '2026-01-08', 'Thursday', 'absent', 10);
INSERT INTO attendance (id, student_id, subject_id, period_number, date, day_of_week, status, marked_by) VALUES (215, 16, 1, 1, '2026-01-08', 'Thursday', 'present', 10);
INSERT INTO attendance (id, student_id, subject_id, period_number, date, day_of_week, status, marked_by) VALUES (216, 17, 1, 1, '2026-01-08', 'Thursday', 'present', 10);
INSERT INTO attendance (id, student_id, subject_id, period_number, date, day_of_week, status, marked_by) VALUES (217, 18, 1, 1, '2026-01-08', 'Thursday', 'present', 10);
INSERT INTO attendance (id, student_id, subject_id, period_number, date, day_of_week, status, marked_by) VALUES (218, 19, 1, 1, '2026-01-08', 'Thursday', 'present', 10);
INSERT INTO attendance (id, student_id, subject_id, period_number, date, day_of_week, status, marked_by) VALUES (219, 20, 1, 1, '2026-01-08', 'Thursday', 'absent', 10);
INSERT INTO attendance (id, student_id, subject_id, period_number, date, day_of_week, status, marked_by) VALUES (220, 1, 1, 1, '2026-01-09', 'Friday', 'present', 10);
INSERT INTO attendance (id, student_id, subject_id, period_number, date, day_of_week, status, marked_by) VALUES (221, 2, 1, 1, '2026-01-09', 'Friday', 'present', 10);
INSERT INTO attendance (id, student_id, subject_id, period_number, date, day_of_week, status, marked_by) VALUES (222, 3, 1, 1, '2026-01-09', 'Friday', 'present', 10);
INSERT INTO attendance (id, student_id, subject_id, period_number, date, day_of_week, status, marked_by) VALUES (223, 4, 1, 1, '2026-01-09', 'Friday', 'present', 10);
INSERT INTO attendance (id, student_id, subject_id, period_number, date, day_of_week, status, marked_by) VALUES (224, 5, 1, 1, '2026-01-09', 'Friday', 'absent', 10);
INSERT INTO attendance (id, student_id, subject_id, period_number, date, day_of_week, status, marked_by) VALUES (225, 6, 1, 1, '2026-01-09', 'Friday', 'present', 10);
INSERT INTO attendance (id, student_id, subject_id, period_number, date, day_of_week, status, marked_by) VALUES (226, 7, 1, 1, '2026-01-09', 'Friday', 'present', 10);
INSERT INTO attendance (id, student_id, subject_id, period_number, date, day_of_week, status, marked_by) VALUES (227, 8, 1, 1, '2026-01-09', 'Friday', 'present', 10);
INSERT INTO attendance (id, student_id, subject_id, period_number, date, day_of_week, status, marked_by) VALUES (228, 9, 1, 1, '2026-01-09', 'Friday', 'present', 10);
INSERT INTO attendance (id, student_id, subject_id, period_number, date, day_of_week, status, marked_by) VALUES (229, 10, 1, 1, '2026-01-09', 'Friday', 'absent', 10);
INSERT INTO attendance (id, student_id, subject_id, period_number, date, day_of_week, status, marked_by) VALUES (230, 11, 1, 1, '2026-01-09', 'Friday', 'present', 10);
INSERT INTO attendance (id, student_id, subject_id, period_number, date, day_of_week, status, marked_by) VALUES (231, 12, 1, 1, '2026-01-09', 'Friday', 'present', 10);
INSERT INTO attendance (id, student_id, subject_id, period_number, date, day_of_week, status, marked_by) VALUES (232, 13, 1, 1, '2026-01-09', 'Friday', 'present', 10);
INSERT INTO attendance (id, student_id, subject_id, period_number, date, day_of_week, status, marked_by) VALUES (233, 14, 1, 1, '2026-01-09', 'Friday', 'present', 10);
INSERT INTO attendance (id, student_id, subject_id, period_number, date, day_of_week, status, marked_by) VALUES (234, 15, 1, 1, '2026-01-09', 'Friday', 'absent', 10);
INSERT INTO attendance (id, student_id, subject_id, period_number, date, day_of_week, status, marked_by) VALUES (235, 16, 1, 1, '2026-01-09', 'Friday', 'present', 10);
INSERT INTO attendance (id, student_id, subject_id, period_number, date, day_of_week, status, marked_by) VALUES (236, 17, 1, 1, '2026-01-09', 'Friday', 'present', 10);
INSERT INTO attendance (id, student_id, subject_id, period_number, date, day_of_week, status, marked_by) VALUES (237, 18, 1, 1, '2026-01-09', 'Friday', 'present', 10);
INSERT INTO attendance (id, student_id, subject_id, period_number, date, day_of_week, status, marked_by) VALUES (238, 19, 1, 1, '2026-01-09', 'Friday', 'present', 10);
INSERT INTO attendance (id, student_id, subject_id, period_number, date, day_of_week, status, marked_by) VALUES (239, 20, 1, 1, '2026-01-09', 'Friday', 'absent', 10);
INSERT INTO attendance (id, student_id, subject_id, period_number, date, day_of_week, status, marked_by) VALUES (240, 1, 1, 1, '2026-01-12', 'Monday', 'present', 10);
INSERT INTO attendance (id, student_id, subject_id, period_number, date, day_of_week, status, marked_by) VALUES (241, 2, 1, 1, '2026-01-12', 'Monday', 'present', 10);
INSERT INTO attendance (id, student_id, subject_id, period_number, date, day_of_week, status, marked_by) VALUES (242, 3, 1, 1, '2026-01-12', 'Monday', 'present', 10);
INSERT INTO attendance (id, student_id, subject_id, period_number, date, day_of_week, status, marked_by) VALUES (243, 4, 1, 1, '2026-01-12', 'Monday', 'present', 10);
INSERT INTO attendance (id, student_id, subject_id, period_number, date, day_of_week, status, marked_by) VALUES (244, 5, 1, 1, '2026-01-12', 'Monday', 'absent', 10);
INSERT INTO attendance (id, student_id, subject_id, period_number, date, day_of_week, status, marked_by) VALUES (245, 6, 1, 1, '2026-01-12', 'Monday', 'present', 10);
INSERT INTO attendance (id, student_id, subject_id, period_number, date, day_of_week, status, marked_by) VALUES (246, 7, 1, 1, '2026-01-12', 'Monday', 'present', 10);
INSERT INTO attendance (id, student_id, subject_id, period_number, date, day_of_week, status, marked_by) VALUES (247, 8, 1, 1, '2026-01-12', 'Monday', 'present', 10);
INSERT INTO attendance (id, student_id, subject_id, period_number, date, day_of_week, status, marked_by) VALUES (248, 9, 1, 1, '2026-01-12', 'Monday', 'present', 10);
INSERT INTO attendance (id, student_id, subject_id, period_number, date, day_of_week, status, marked_by) VALUES (249, 10, 1, 1, '2026-01-12', 'Monday', 'absent', 10);
INSERT INTO attendance (id, student_id, subject_id, period_number, date, day_of_week, status, marked_by) VALUES (250, 11, 1, 1, '2026-01-12', 'Monday', 'present', 10);
INSERT INTO attendance (id, student_id, subject_id, period_number, date, day_of_week, status, marked_by) VALUES (251, 12, 1, 1, '2026-01-12', 'Monday', 'present', 10);
INSERT INTO attendance (id, student_id, subject_id, period_number, date, day_of_week, status, marked_by) VALUES (252, 13, 1, 1, '2026-01-12', 'Monday', 'present', 10);
INSERT INTO attendance (id, student_id, subject_id, period_number, date, day_of_week, status, marked_by) VALUES (253, 14, 1, 1, '2026-01-12', 'Monday', 'present', 10);
INSERT INTO attendance (id, student_id, subject_id, period_number, date, day_of_week, status, marked_by) VALUES (254, 15, 1, 1, '2026-01-12', 'Monday', 'absent', 10);
INSERT INTO attendance (id, student_id, subject_id, period_number, date, day_of_week, status, marked_by) VALUES (255, 16, 1, 1, '2026-01-12', 'Monday', 'present', 10);
INSERT INTO attendance (id, student_id, subject_id, period_number, date, day_of_week, status, marked_by) VALUES (256, 17, 1, 1, '2026-01-12', 'Monday', 'present', 10);
INSERT INTO attendance (id, student_id, subject_id, period_number, date, day_of_week, status, marked_by) VALUES (257, 18, 1, 1, '2026-01-12', 'Monday', 'present', 10);
INSERT INTO attendance (id, student_id, subject_id, period_number, date, day_of_week, status, marked_by) VALUES (258, 19, 1, 1, '2026-01-12', 'Monday', 'present', 10);
INSERT INTO attendance (id, student_id, subject_id, period_number, date, day_of_week, status, marked_by) VALUES (259, 20, 1, 1, '2026-01-12', 'Monday', 'absent', 10);
INSERT INTO attendance (id, student_id, subject_id, period_number, date, day_of_week, status, marked_by) VALUES (260, 1, 1, 1, '2026-01-13', 'Tuesday', 'present', 10);
INSERT INTO attendance (id, student_id, subject_id, period_number, date, day_of_week, status, marked_by) VALUES (261, 2, 1, 1, '2026-01-13', 'Tuesday', 'present', 10);
INSERT INTO attendance (id, student_id, subject_id, period_number, date, day_of_week, status, marked_by) VALUES (262, 3, 1, 1, '2026-01-13', 'Tuesday', 'present', 10);
INSERT INTO attendance (id, student_id, subject_id, period_number, date, day_of_week, status, marked_by) VALUES (263, 4, 1, 1, '2026-01-13', 'Tuesday', 'present', 10);
INSERT INTO attendance (id, student_id, subject_id, period_number, date, day_of_week, status, marked_by) VALUES (264, 5, 1, 1, '2026-01-13', 'Tuesday', 'absent', 10);
INSERT INTO attendance (id, student_id, subject_id, period_number, date, day_of_week, status, marked_by) VALUES (265, 6, 1, 1, '2026-01-13', 'Tuesday', 'present', 10);
INSERT INTO attendance (id, student_id, subject_id, period_number, date, day_of_week, status, marked_by) VALUES (266, 7, 1, 1, '2026-01-13', 'Tuesday', 'present', 10);
INSERT INTO attendance (id, student_id, subject_id, period_number, date, day_of_week, status, marked_by) VALUES (267, 8, 1, 1, '2026-01-13', 'Tuesday', 'present', 10);
INSERT INTO attendance (id, student_id, subject_id, period_number, date, day_of_week, status, marked_by) VALUES (268, 9, 1, 1, '2026-01-13', 'Tuesday', 'present', 10);
INSERT INTO attendance (id, student_id, subject_id, period_number, date, day_of_week, status, marked_by) VALUES (269, 10, 1, 1, '2026-01-13', 'Tuesday', 'absent', 10);
INSERT INTO attendance (id, student_id, subject_id, period_number, date, day_of_week, status, marked_by) VALUES (270, 11, 1, 1, '2026-01-13', 'Tuesday', 'present', 10);
INSERT INTO attendance (id, student_id, subject_id, period_number, date, day_of_week, status, marked_by) VALUES (271, 12, 1, 1, '2026-01-13', 'Tuesday', 'present', 10);
INSERT INTO attendance (id, student_id, subject_id, period_number, date, day_of_week, status, marked_by) VALUES (272, 13, 1, 1, '2026-01-13', 'Tuesday', 'present', 10);
INSERT INTO attendance (id, student_id, subject_id, period_number, date, day_of_week, status, marked_by) VALUES (273, 14, 1, 1, '2026-01-13', 'Tuesday', 'present', 10);
INSERT INTO attendance (id, student_id, subject_id, period_number, date, day_of_week, status, marked_by) VALUES (274, 15, 1, 1, '2026-01-13', 'Tuesday', 'absent', 10);
INSERT INTO attendance (id, student_id, subject_id, period_number, date, day_of_week, status, marked_by) VALUES (275, 16, 1, 1, '2026-01-13', 'Tuesday', 'present', 10);
INSERT INTO attendance (id, student_id, subject_id, period_number, date, day_of_week, status, marked_by) VALUES (276, 17, 1, 1, '2026-01-13', 'Tuesday', 'present', 10);
INSERT INTO attendance (id, student_id, subject_id, period_number, date, day_of_week, status, marked_by) VALUES (277, 18, 1, 1, '2026-01-13', 'Tuesday', 'present', 10);
INSERT INTO attendance (id, student_id, subject_id, period_number, date, day_of_week, status, marked_by) VALUES (278, 19, 1, 1, '2026-01-13', 'Tuesday', 'present', 10);
INSERT INTO attendance (id, student_id, subject_id, period_number, date, day_of_week, status, marked_by) VALUES (279, 20, 1, 1, '2026-01-13', 'Tuesday', 'absent', 10);
INSERT INTO attendance (id, student_id, subject_id, period_number, date, day_of_week, status, marked_by) VALUES (280, 1, 1, 1, '2026-01-14', 'Wednesday', 'present', 10);
INSERT INTO attendance (id, student_id, subject_id, period_number, date, day_of_week, status, marked_by) VALUES (281, 2, 1, 1, '2026-01-14', 'Wednesday', 'present', 10);
INSERT INTO attendance (id, student_id, subject_id, period_number, date, day_of_week, status, marked_by) VALUES (282, 3, 1, 1, '2026-01-14', 'Wednesday', 'present', 10);
INSERT INTO attendance (id, student_id, subject_id, period_number, date, day_of_week, status, marked_by) VALUES (283, 4, 1, 1, '2026-01-14', 'Wednesday', 'present', 10);
INSERT INTO attendance (id, student_id, subject_id, period_number, date, day_of_week, status, marked_by) VALUES (284, 5, 1, 1, '2026-01-14', 'Wednesday', 'absent', 10);
INSERT INTO attendance (id, student_id, subject_id, period_number, date, day_of_week, status, marked_by) VALUES (285, 6, 1, 1, '2026-01-14', 'Wednesday', 'present', 10);
INSERT INTO attendance (id, student_id, subject_id, period_number, date, day_of_week, status, marked_by) VALUES (286, 7, 1, 1, '2026-01-14', 'Wednesday', 'present', 10);
INSERT INTO attendance (id, student_id, subject_id, period_number, date, day_of_week, status, marked_by) VALUES (287, 8, 1, 1, '2026-01-14', 'Wednesday', 'present', 10);
INSERT INTO attendance (id, student_id, subject_id, period_number, date, day_of_week, status, marked_by) VALUES (288, 9, 1, 1, '2026-01-14', 'Wednesday', 'present', 10);
INSERT INTO attendance (id, student_id, subject_id, period_number, date, day_of_week, status, marked_by) VALUES (289, 10, 1, 1, '2026-01-14', 'Wednesday', 'absent', 10);
INSERT INTO attendance (id, student_id, subject_id, period_number, date, day_of_week, status, marked_by) VALUES (290, 11, 1, 1, '2026-01-14', 'Wednesday', 'present', 10);
INSERT INTO attendance (id, student_id, subject_id, period_number, date, day_of_week, status, marked_by) VALUES (291, 12, 1, 1, '2026-01-14', 'Wednesday', 'present', 10);
INSERT INTO attendance (id, student_id, subject_id, period_number, date, day_of_week, status, marked_by) VALUES (292, 13, 1, 1, '2026-01-14', 'Wednesday', 'present', 10);
INSERT INTO attendance (id, student_id, subject_id, period_number, date, day_of_week, status, marked_by) VALUES (293, 14, 1, 1, '2026-01-14', 'Wednesday', 'present', 10);
INSERT INTO attendance (id, student_id, subject_id, period_number, date, day_of_week, status, marked_by) VALUES (294, 15, 1, 1, '2026-01-14', 'Wednesday', 'absent', 10);
INSERT INTO attendance (id, student_id, subject_id, period_number, date, day_of_week, status, marked_by) VALUES (295, 16, 1, 1, '2026-01-14', 'Wednesday', 'present', 10);
INSERT INTO attendance (id, student_id, subject_id, period_number, date, day_of_week, status, marked_by) VALUES (296, 17, 1, 1, '2026-01-14', 'Wednesday', 'present', 10);
INSERT INTO attendance (id, student_id, subject_id, period_number, date, day_of_week, status, marked_by) VALUES (297, 18, 1, 1, '2026-01-14', 'Wednesday', 'present', 10);
INSERT INTO attendance (id, student_id, subject_id, period_number, date, day_of_week, status, marked_by) VALUES (298, 19, 1, 1, '2026-01-14', 'Wednesday', 'present', 10);
INSERT INTO attendance (id, student_id, subject_id, period_number, date, day_of_week, status, marked_by) VALUES (299, 20, 1, 1, '2026-01-14', 'Wednesday', 'absent', 10);
INSERT INTO attendance (id, student_id, subject_id, period_number, date, day_of_week, status, marked_by) VALUES (300, 1, 1, 1, '2026-01-15', 'Thursday', 'present', 10);
INSERT INTO attendance (id, student_id, subject_id, period_number, date, day_of_week, status, marked_by) VALUES (301, 2, 1, 1, '2026-01-15', 'Thursday', 'present', 10);
INSERT INTO attendance (id, student_id, subject_id, period_number, date, day_of_week, status, marked_by) VALUES (302, 3, 1, 1, '2026-01-15', 'Thursday', 'present', 10);
INSERT INTO attendance (id, student_id, subject_id, period_number, date, day_of_week, status, marked_by) VALUES (303, 4, 1, 1, '2026-01-15', 'Thursday', 'present', 10);
INSERT INTO attendance (id, student_id, subject_id, period_number, date, day_of_week, status, marked_by) VALUES (304, 5, 1, 1, '2026-01-15', 'Thursday', 'absent', 10);
INSERT INTO attendance (id, student_id, subject_id, period_number, date, day_of_week, status, marked_by) VALUES (305, 6, 1, 1, '2026-01-15', 'Thursday', 'present', 10);
INSERT INTO attendance (id, student_id, subject_id, period_number, date, day_of_week, status, marked_by) VALUES (306, 7, 1, 1, '2026-01-15', 'Thursday', 'present', 10);
INSERT INTO attendance (id, student_id, subject_id, period_number, date, day_of_week, status, marked_by) VALUES (307, 8, 1, 1, '2026-01-15', 'Thursday', 'present', 10);
INSERT INTO attendance (id, student_id, subject_id, period_number, date, day_of_week, status, marked_by) VALUES (308, 9, 1, 1, '2026-01-15', 'Thursday', 'present', 10);
INSERT INTO attendance (id, student_id, subject_id, period_number, date, day_of_week, status, marked_by) VALUES (309, 10, 1, 1, '2026-01-15', 'Thursday', 'absent', 10);
INSERT INTO attendance (id, student_id, subject_id, period_number, date, day_of_week, status, marked_by) VALUES (310, 11, 1, 1, '2026-01-15', 'Thursday', 'present', 10);
INSERT INTO attendance (id, student_id, subject_id, period_number, date, day_of_week, status, marked_by) VALUES (311, 12, 1, 1, '2026-01-15', 'Thursday', 'present', 10);
INSERT INTO attendance (id, student_id, subject_id, period_number, date, day_of_week, status, marked_by) VALUES (312, 13, 1, 1, '2026-01-15', 'Thursday', 'present', 10);
INSERT INTO attendance (id, student_id, subject_id, period_number, date, day_of_week, status, marked_by) VALUES (313, 14, 1, 1, '2026-01-15', 'Thursday', 'present', 10);
INSERT INTO attendance (id, student_id, subject_id, period_number, date, day_of_week, status, marked_by) VALUES (314, 15, 1, 1, '2026-01-15', 'Thursday', 'absent', 10);
INSERT INTO attendance (id, student_id, subject_id, period_number, date, day_of_week, status, marked_by) VALUES (315, 16, 1, 1, '2026-01-15', 'Thursday', 'present', 10);
INSERT INTO attendance (id, student_id, subject_id, period_number, date, day_of_week, status, marked_by) VALUES (316, 17, 1, 1, '2026-01-15', 'Thursday', 'present', 10);
INSERT INTO attendance (id, student_id, subject_id, period_number, date, day_of_week, status, marked_by) VALUES (317, 18, 1, 1, '2026-01-15', 'Thursday', 'present', 10);
INSERT INTO attendance (id, student_id, subject_id, period_number, date, day_of_week, status, marked_by) VALUES (318, 19, 1, 1, '2026-01-15', 'Thursday', 'present', 10);
INSERT INTO attendance (id, student_id, subject_id, period_number, date, day_of_week, status, marked_by) VALUES (319, 20, 1, 1, '2026-01-15', 'Thursday', 'absent', 10);
INSERT INTO attendance (id, student_id, subject_id, period_number, date, day_of_week, status, marked_by) VALUES (320, 1, 1, 1, '2026-01-16', 'Friday', 'present', 10);
INSERT INTO attendance (id, student_id, subject_id, period_number, date, day_of_week, status, marked_by) VALUES (321, 2, 1, 1, '2026-01-16', 'Friday', 'present', 10);
INSERT INTO attendance (id, student_id, subject_id, period_number, date, day_of_week, status, marked_by) VALUES (322, 3, 1, 1, '2026-01-16', 'Friday', 'present', 10);
INSERT INTO attendance (id, student_id, subject_id, period_number, date, day_of_week, status, marked_by) VALUES (323, 4, 1, 1, '2026-01-16', 'Friday', 'present', 10);
INSERT INTO attendance (id, student_id, subject_id, period_number, date, day_of_week, status, marked_by) VALUES (324, 5, 1, 1, '2026-01-16', 'Friday', 'absent', 10);
INSERT INTO attendance (id, student_id, subject_id, period_number, date, day_of_week, status, marked_by) VALUES (325, 6, 1, 1, '2026-01-16', 'Friday', 'present', 10);
INSERT INTO attendance (id, student_id, subject_id, period_number, date, day_of_week, status, marked_by) VALUES (326, 7, 1, 1, '2026-01-16', 'Friday', 'present', 10);
INSERT INTO attendance (id, student_id, subject_id, period_number, date, day_of_week, status, marked_by) VALUES (327, 8, 1, 1, '2026-01-16', 'Friday', 'present', 10);
INSERT INTO attendance (id, student_id, subject_id, period_number, date, day_of_week, status, marked_by) VALUES (328, 9, 1, 1, '2026-01-16', 'Friday', 'present', 10);
INSERT INTO attendance (id, student_id, subject_id, period_number, date, day_of_week, status, marked_by) VALUES (329, 10, 1, 1, '2026-01-16', 'Friday', 'absent', 10);
INSERT INTO attendance (id, student_id, subject_id, period_number, date, day_of_week, status, marked_by) VALUES (330, 11, 1, 1, '2026-01-16', 'Friday', 'present', 10);
INSERT INTO attendance (id, student_id, subject_id, period_number, date, day_of_week, status, marked_by) VALUES (331, 12, 1, 1, '2026-01-16', 'Friday', 'present', 10);
INSERT INTO attendance (id, student_id, subject_id, period_number, date, day_of_week, status, marked_by) VALUES (332, 13, 1, 1, '2026-01-16', 'Friday', 'present', 10);
INSERT INTO attendance (id, student_id, subject_id, period_number, date, day_of_week, status, marked_by) VALUES (333, 14, 1, 1, '2026-01-16', 'Friday', 'present', 10);
INSERT INTO attendance (id, student_id, subject_id, period_number, date, day_of_week, status, marked_by) VALUES (334, 15, 1, 1, '2026-01-16', 'Friday', 'absent', 10);
INSERT INTO attendance (id, student_id, subject_id, period_number, date, day_of_week, status, marked_by) VALUES (335, 16, 1, 1, '2026-01-16', 'Friday', 'present', 10);
INSERT INTO attendance (id, student_id, subject_id, period_number, date, day_of_week, status, marked_by) VALUES (336, 17, 1, 1, '2026-01-16', 'Friday', 'present', 10);
INSERT INTO attendance (id, student_id, subject_id, period_number, date, day_of_week, status, marked_by) VALUES (337, 18, 1, 1, '2026-01-16', 'Friday', 'present', 10);
INSERT INTO attendance (id, student_id, subject_id, period_number, date, day_of_week, status, marked_by) VALUES (338, 19, 1, 1, '2026-01-16', 'Friday', 'present', 10);
INSERT INTO attendance (id, student_id, subject_id, period_number, date, day_of_week, status, marked_by) VALUES (339, 20, 1, 1, '2026-01-16', 'Friday', 'absent', 10);
INSERT INTO attendance (id, student_id, subject_id, period_number, date, day_of_week, status, marked_by) VALUES (340, 1, 1, 1, '2026-01-19', 'Monday', 'present', 10);
INSERT INTO attendance (id, student_id, subject_id, period_number, date, day_of_week, status, marked_by) VALUES (341, 2, 1, 1, '2026-01-19', 'Monday', 'present', 10);
INSERT INTO attendance (id, student_id, subject_id, period_number, date, day_of_week, status, marked_by) VALUES (342, 3, 1, 1, '2026-01-19', 'Monday', 'present', 10);
INSERT INTO attendance (id, student_id, subject_id, period_number, date, day_of_week, status, marked_by) VALUES (343, 4, 1, 1, '2026-01-19', 'Monday', 'present', 10);
INSERT INTO attendance (id, student_id, subject_id, period_number, date, day_of_week, status, marked_by) VALUES (344, 5, 1, 1, '2026-01-19', 'Monday', 'absent', 10);
INSERT INTO attendance (id, student_id, subject_id, period_number, date, day_of_week, status, marked_by) VALUES (345, 6, 1, 1, '2026-01-19', 'Monday', 'present', 10);
INSERT INTO attendance (id, student_id, subject_id, period_number, date, day_of_week, status, marked_by) VALUES (346, 7, 1, 1, '2026-01-19', 'Monday', 'present', 10);
INSERT INTO attendance (id, student_id, subject_id, period_number, date, day_of_week, status, marked_by) VALUES (347, 8, 1, 1, '2026-01-19', 'Monday', 'present', 10);
INSERT INTO attendance (id, student_id, subject_id, period_number, date, day_of_week, status, marked_by) VALUES (348, 9, 1, 1, '2026-01-19', 'Monday', 'present', 10);
INSERT INTO attendance (id, student_id, subject_id, period_number, date, day_of_week, status, marked_by) VALUES (349, 10, 1, 1, '2026-01-19', 'Monday', 'absent', 10);
INSERT INTO attendance (id, student_id, subject_id, period_number, date, day_of_week, status, marked_by) VALUES (350, 11, 1, 1, '2026-01-19', 'Monday', 'present', 10);
INSERT INTO attendance (id, student_id, subject_id, period_number, date, day_of_week, status, marked_by) VALUES (351, 12, 1, 1, '2026-01-19', 'Monday', 'present', 10);
INSERT INTO attendance (id, student_id, subject_id, period_number, date, day_of_week, status, marked_by) VALUES (352, 13, 1, 1, '2026-01-19', 'Monday', 'present', 10);
INSERT INTO attendance (id, student_id, subject_id, period_number, date, day_of_week, status, marked_by) VALUES (353, 14, 1, 1, '2026-01-19', 'Monday', 'present', 10);
INSERT INTO attendance (id, student_id, subject_id, period_number, date, day_of_week, status, marked_by) VALUES (354, 15, 1, 1, '2026-01-19', 'Monday', 'absent', 10);
INSERT INTO attendance (id, student_id, subject_id, period_number, date, day_of_week, status, marked_by) VALUES (355, 16, 1, 1, '2026-01-19', 'Monday', 'present', 10);
INSERT INTO attendance (id, student_id, subject_id, period_number, date, day_of_week, status, marked_by) VALUES (356, 17, 1, 1, '2026-01-19', 'Monday', 'present', 10);
INSERT INTO attendance (id, student_id, subject_id, period_number, date, day_of_week, status, marked_by) VALUES (357, 18, 1, 1, '2026-01-19', 'Monday', 'present', 10);
INSERT INTO attendance (id, student_id, subject_id, period_number, date, day_of_week, status, marked_by) VALUES (358, 19, 1, 1, '2026-01-19', 'Monday', 'present', 10);
INSERT INTO attendance (id, student_id, subject_id, period_number, date, day_of_week, status, marked_by) VALUES (359, 20, 1, 1, '2026-01-19', 'Monday', 'absent', 10);
INSERT INTO attendance (id, student_id, subject_id, period_number, date, day_of_week, status, marked_by) VALUES (360, 1, 1, 1, '2026-01-20', 'Tuesday', 'present', 10);
INSERT INTO attendance (id, student_id, subject_id, period_number, date, day_of_week, status, marked_by) VALUES (361, 2, 1, 1, '2026-01-20', 'Tuesday', 'present', 10);
INSERT INTO attendance (id, student_id, subject_id, period_number, date, day_of_week, status, marked_by) VALUES (362, 3, 1, 1, '2026-01-20', 'Tuesday', 'present', 10);
INSERT INTO attendance (id, student_id, subject_id, period_number, date, day_of_week, status, marked_by) VALUES (363, 4, 1, 1, '2026-01-20', 'Tuesday', 'present', 10);
INSERT INTO attendance (id, student_id, subject_id, period_number, date, day_of_week, status, marked_by) VALUES (364, 5, 1, 1, '2026-01-20', 'Tuesday', 'absent', 10);
INSERT INTO attendance (id, student_id, subject_id, period_number, date, day_of_week, status, marked_by) VALUES (365, 6, 1, 1, '2026-01-20', 'Tuesday', 'present', 10);
INSERT INTO attendance (id, student_id, subject_id, period_number, date, day_of_week, status, marked_by) VALUES (366, 7, 1, 1, '2026-01-20', 'Tuesday', 'present', 10);
INSERT INTO attendance (id, student_id, subject_id, period_number, date, day_of_week, status, marked_by) VALUES (367, 8, 1, 1, '2026-01-20', 'Tuesday', 'present', 10);
INSERT INTO attendance (id, student_id, subject_id, period_number, date, day_of_week, status, marked_by) VALUES (368, 9, 1, 1, '2026-01-20', 'Tuesday', 'present', 10);
INSERT INTO attendance (id, student_id, subject_id, period_number, date, day_of_week, status, marked_by) VALUES (369, 10, 1, 1, '2026-01-20', 'Tuesday', 'absent', 10);
INSERT INTO attendance (id, student_id, subject_id, period_number, date, day_of_week, status, marked_by) VALUES (370, 11, 1, 1, '2026-01-20', 'Tuesday', 'present', 10);
INSERT INTO attendance (id, student_id, subject_id, period_number, date, day_of_week, status, marked_by) VALUES (371, 12, 1, 1, '2026-01-20', 'Tuesday', 'present', 10);
INSERT INTO attendance (id, student_id, subject_id, period_number, date, day_of_week, status, marked_by) VALUES (372, 13, 1, 1, '2026-01-20', 'Tuesday', 'present', 10);
INSERT INTO attendance (id, student_id, subject_id, period_number, date, day_of_week, status, marked_by) VALUES (373, 14, 1, 1, '2026-01-20', 'Tuesday', 'present', 10);
INSERT INTO attendance (id, student_id, subject_id, period_number, date, day_of_week, status, marked_by) VALUES (374, 15, 1, 1, '2026-01-20', 'Tuesday', 'absent', 10);
INSERT INTO attendance (id, student_id, subject_id, period_number, date, day_of_week, status, marked_by) VALUES (375, 16, 1, 1, '2026-01-20', 'Tuesday', 'present', 10);
INSERT INTO attendance (id, student_id, subject_id, period_number, date, day_of_week, status, marked_by) VALUES (376, 17, 1, 1, '2026-01-20', 'Tuesday', 'present', 10);
INSERT INTO attendance (id, student_id, subject_id, period_number, date, day_of_week, status, marked_by) VALUES (377, 18, 1, 1, '2026-01-20', 'Tuesday', 'present', 10);
INSERT INTO attendance (id, student_id, subject_id, period_number, date, day_of_week, status, marked_by) VALUES (378, 19, 1, 1, '2026-01-20', 'Tuesday', 'present', 10);
INSERT INTO attendance (id, student_id, subject_id, period_number, date, day_of_week, status, marked_by) VALUES (379, 20, 1, 1, '2026-01-20', 'Tuesday', 'absent', 10);
INSERT INTO attendance (id, student_id, subject_id, period_number, date, day_of_week, status, marked_by) VALUES (380, 1, 1, 1, '2026-01-21', 'Wednesday', 'present', 10);
INSERT INTO attendance (id, student_id, subject_id, period_number, date, day_of_week, status, marked_by) VALUES (381, 2, 1, 1, '2026-01-21', 'Wednesday', 'present', 10);
INSERT INTO attendance (id, student_id, subject_id, period_number, date, day_of_week, status, marked_by) VALUES (382, 3, 1, 1, '2026-01-21', 'Wednesday', 'present', 10);
INSERT INTO attendance (id, student_id, subject_id, period_number, date, day_of_week, status, marked_by) VALUES (383, 4, 1, 1, '2026-01-21', 'Wednesday', 'present', 10);
INSERT INTO attendance (id, student_id, subject_id, period_number, date, day_of_week, status, marked_by) VALUES (384, 5, 1, 1, '2026-01-21', 'Wednesday', 'absent', 10);
INSERT INTO attendance (id, student_id, subject_id, period_number, date, day_of_week, status, marked_by) VALUES (385, 6, 1, 1, '2026-01-21', 'Wednesday', 'present', 10);
INSERT INTO attendance (id, student_id, subject_id, period_number, date, day_of_week, status, marked_by) VALUES (386, 7, 1, 1, '2026-01-21', 'Wednesday', 'present', 10);
INSERT INTO attendance (id, student_id, subject_id, period_number, date, day_of_week, status, marked_by) VALUES (387, 8, 1, 1, '2026-01-21', 'Wednesday', 'present', 10);
INSERT INTO attendance (id, student_id, subject_id, period_number, date, day_of_week, status, marked_by) VALUES (388, 9, 1, 1, '2026-01-21', 'Wednesday', 'present', 10);
INSERT INTO attendance (id, student_id, subject_id, period_number, date, day_of_week, status, marked_by) VALUES (389, 10, 1, 1, '2026-01-21', 'Wednesday', 'absent', 10);
INSERT INTO attendance (id, student_id, subject_id, period_number, date, day_of_week, status, marked_by) VALUES (390, 11, 1, 1, '2026-01-21', 'Wednesday', 'present', 10);
INSERT INTO attendance (id, student_id, subject_id, period_number, date, day_of_week, status, marked_by) VALUES (391, 12, 1, 1, '2026-01-21', 'Wednesday', 'present', 10);
INSERT INTO attendance (id, student_id, subject_id, period_number, date, day_of_week, status, marked_by) VALUES (392, 13, 1, 1, '2026-01-21', 'Wednesday', 'present', 10);
INSERT INTO attendance (id, student_id, subject_id, period_number, date, day_of_week, status, marked_by) VALUES (393, 14, 1, 1, '2026-01-21', 'Wednesday', 'present', 10);
INSERT INTO attendance (id, student_id, subject_id, period_number, date, day_of_week, status, marked_by) VALUES (394, 15, 1, 1, '2026-01-21', 'Wednesday', 'absent', 10);
INSERT INTO attendance (id, student_id, subject_id, period_number, date, day_of_week, status, marked_by) VALUES (395, 16, 1, 1, '2026-01-21', 'Wednesday', 'present', 10);
INSERT INTO attendance (id, student_id, subject_id, period_number, date, day_of_week, status, marked_by) VALUES (396, 17, 1, 1, '2026-01-21', 'Wednesday', 'present', 10);
INSERT INTO attendance (id, student_id, subject_id, period_number, date, day_of_week, status, marked_by) VALUES (397, 18, 1, 1, '2026-01-21', 'Wednesday', 'present', 10);
INSERT INTO attendance (id, student_id, subject_id, period_number, date, day_of_week, status, marked_by) VALUES (398, 19, 1, 1, '2026-01-21', 'Wednesday', 'present', 10);
INSERT INTO attendance (id, student_id, subject_id, period_number, date, day_of_week, status, marked_by) VALUES (399, 20, 1, 1, '2026-01-21', 'Wednesday', 'absent', 10);
INSERT INTO attendance (id, student_id, subject_id, period_number, date, day_of_week, status, marked_by) VALUES (400, 1, 1, 1, '2026-01-22', 'Thursday', 'present', 10);
INSERT INTO attendance (id, student_id, subject_id, period_number, date, day_of_week, status, marked_by) VALUES (401, 2, 1, 1, '2026-01-22', 'Thursday', 'present', 10);
INSERT INTO attendance (id, student_id, subject_id, period_number, date, day_of_week, status, marked_by) VALUES (402, 3, 1, 1, '2026-01-22', 'Thursday', 'present', 10);
INSERT INTO attendance (id, student_id, subject_id, period_number, date, day_of_week, status, marked_by) VALUES (403, 4, 1, 1, '2026-01-22', 'Thursday', 'present', 10);
INSERT INTO attendance (id, student_id, subject_id, period_number, date, day_of_week, status, marked_by) VALUES (404, 5, 1, 1, '2026-01-22', 'Thursday', 'absent', 10);
INSERT INTO attendance (id, student_id, subject_id, period_number, date, day_of_week, status, marked_by) VALUES (405, 6, 1, 1, '2026-01-22', 'Thursday', 'present', 10);
INSERT INTO attendance (id, student_id, subject_id, period_number, date, day_of_week, status, marked_by) VALUES (406, 7, 1, 1, '2026-01-22', 'Thursday', 'present', 10);
INSERT INTO attendance (id, student_id, subject_id, period_number, date, day_of_week, status, marked_by) VALUES (407, 8, 1, 1, '2026-01-22', 'Thursday', 'present', 10);
INSERT INTO attendance (id, student_id, subject_id, period_number, date, day_of_week, status, marked_by) VALUES (408, 9, 1, 1, '2026-01-22', 'Thursday', 'present', 10);
INSERT INTO attendance (id, student_id, subject_id, period_number, date, day_of_week, status, marked_by) VALUES (409, 10, 1, 1, '2026-01-22', 'Thursday', 'absent', 10);
INSERT INTO attendance (id, student_id, subject_id, period_number, date, day_of_week, status, marked_by) VALUES (410, 11, 1, 1, '2026-01-22', 'Thursday', 'present', 10);
INSERT INTO attendance (id, student_id, subject_id, period_number, date, day_of_week, status, marked_by) VALUES (411, 12, 1, 1, '2026-01-22', 'Thursday', 'present', 10);
INSERT INTO attendance (id, student_id, subject_id, period_number, date, day_of_week, status, marked_by) VALUES (412, 13, 1, 1, '2026-01-22', 'Thursday', 'present', 10);
INSERT INTO attendance (id, student_id, subject_id, period_number, date, day_of_week, status, marked_by) VALUES (413, 14, 1, 1, '2026-01-22', 'Thursday', 'present', 10);
INSERT INTO attendance (id, student_id, subject_id, period_number, date, day_of_week, status, marked_by) VALUES (414, 15, 1, 1, '2026-01-22', 'Thursday', 'absent', 10);
INSERT INTO attendance (id, student_id, subject_id, period_number, date, day_of_week, status, marked_by) VALUES (415, 16, 1, 1, '2026-01-22', 'Thursday', 'present', 10);
INSERT INTO attendance (id, student_id, subject_id, period_number, date, day_of_week, status, marked_by) VALUES (416, 17, 1, 1, '2026-01-22', 'Thursday', 'present', 10);
INSERT INTO attendance (id, student_id, subject_id, period_number, date, day_of_week, status, marked_by) VALUES (417, 18, 1, 1, '2026-01-22', 'Thursday', 'present', 10);
INSERT INTO attendance (id, student_id, subject_id, period_number, date, day_of_week, status, marked_by) VALUES (418, 19, 1, 1, '2026-01-22', 'Thursday', 'present', 10);
INSERT INTO attendance (id, student_id, subject_id, period_number, date, day_of_week, status, marked_by) VALUES (419, 20, 1, 1, '2026-01-22', 'Thursday', 'absent', 10);
INSERT INTO attendance (id, student_id, subject_id, period_number, date, day_of_week, status, marked_by) VALUES (420, 1, 1, 1, '2026-01-23', 'Friday', 'present', 10);
INSERT INTO attendance (id, student_id, subject_id, period_number, date, day_of_week, status, marked_by) VALUES (421, 2, 1, 1, '2026-01-23', 'Friday', 'present', 10);
INSERT INTO attendance (id, student_id, subject_id, period_number, date, day_of_week, status, marked_by) VALUES (422, 3, 1, 1, '2026-01-23', 'Friday', 'present', 10);
INSERT INTO attendance (id, student_id, subject_id, period_number, date, day_of_week, status, marked_by) VALUES (423, 4, 1, 1, '2026-01-23', 'Friday', 'present', 10);
INSERT INTO attendance (id, student_id, subject_id, period_number, date, day_of_week, status, marked_by) VALUES (424, 5, 1, 1, '2026-01-23', 'Friday', 'absent', 10);
INSERT INTO attendance (id, student_id, subject_id, period_number, date, day_of_week, status, marked_by) VALUES (425, 6, 1, 1, '2026-01-23', 'Friday', 'present', 10);
INSERT INTO attendance (id, student_id, subject_id, period_number, date, day_of_week, status, marked_by) VALUES (426, 7, 1, 1, '2026-01-23', 'Friday', 'present', 10);
INSERT INTO attendance (id, student_id, subject_id, period_number, date, day_of_week, status, marked_by) VALUES (427, 8, 1, 1, '2026-01-23', 'Friday', 'present', 10);
INSERT INTO attendance (id, student_id, subject_id, period_number, date, day_of_week, status, marked_by) VALUES (428, 9, 1, 1, '2026-01-23', 'Friday', 'present', 10);
INSERT INTO attendance (id, student_id, subject_id, period_number, date, day_of_week, status, marked_by) VALUES (429, 10, 1, 1, '2026-01-23', 'Friday', 'absent', 10);
INSERT INTO attendance (id, student_id, subject_id, period_number, date, day_of_week, status, marked_by) VALUES (430, 11, 1, 1, '2026-01-23', 'Friday', 'present', 10);
INSERT INTO attendance (id, student_id, subject_id, period_number, date, day_of_week, status, marked_by) VALUES (431, 12, 1, 1, '2026-01-23', 'Friday', 'present', 10);
INSERT INTO attendance (id, student_id, subject_id, period_number, date, day_of_week, status, marked_by) VALUES (432, 13, 1, 1, '2026-01-23', 'Friday', 'present', 10);
INSERT INTO attendance (id, student_id, subject_id, period_number, date, day_of_week, status, marked_by) VALUES (433, 14, 1, 1, '2026-01-23', 'Friday', 'present', 10);
INSERT INTO attendance (id, student_id, subject_id, period_number, date, day_of_week, status, marked_by) VALUES (434, 15, 1, 1, '2026-01-23', 'Friday', 'absent', 10);
INSERT INTO attendance (id, student_id, subject_id, period_number, date, day_of_week, status, marked_by) VALUES (435, 16, 1, 1, '2026-01-23', 'Friday', 'present', 10);
INSERT INTO attendance (id, student_id, subject_id, period_number, date, day_of_week, status, marked_by) VALUES (436, 17, 1, 1, '2026-01-23', 'Friday', 'present', 10);
INSERT INTO attendance (id, student_id, subject_id, period_number, date, day_of_week, status, marked_by) VALUES (437, 18, 1, 1, '2026-01-23', 'Friday', 'present', 10);
INSERT INTO attendance (id, student_id, subject_id, period_number, date, day_of_week, status, marked_by) VALUES (438, 19, 1, 1, '2026-01-23', 'Friday', 'present', 10);
INSERT INTO attendance (id, student_id, subject_id, period_number, date, day_of_week, status, marked_by) VALUES (439, 20, 1, 1, '2026-01-23', 'Friday', 'absent', 10);
INSERT INTO attendance (id, student_id, subject_id, period_number, date, day_of_week, status, marked_by) VALUES (440, 1, 1, 1, '2026-01-26', 'Monday', 'present', 10);
INSERT INTO attendance (id, student_id, subject_id, period_number, date, day_of_week, status, marked_by) VALUES (441, 2, 1, 1, '2026-01-26', 'Monday', 'present', 10);
INSERT INTO attendance (id, student_id, subject_id, period_number, date, day_of_week, status, marked_by) VALUES (442, 3, 1, 1, '2026-01-26', 'Monday', 'present', 10);
INSERT INTO attendance (id, student_id, subject_id, period_number, date, day_of_week, status, marked_by) VALUES (443, 4, 1, 1, '2026-01-26', 'Monday', 'present', 10);
INSERT INTO attendance (id, student_id, subject_id, period_number, date, day_of_week, status, marked_by) VALUES (444, 5, 1, 1, '2026-01-26', 'Monday', 'absent', 10);
INSERT INTO attendance (id, student_id, subject_id, period_number, date, day_of_week, status, marked_by) VALUES (445, 6, 1, 1, '2026-01-26', 'Monday', 'present', 10);
INSERT INTO attendance (id, student_id, subject_id, period_number, date, day_of_week, status, marked_by) VALUES (446, 7, 1, 1, '2026-01-26', 'Monday', 'present', 10);
INSERT INTO attendance (id, student_id, subject_id, period_number, date, day_of_week, status, marked_by) VALUES (447, 8, 1, 1, '2026-01-26', 'Monday', 'present', 10);
INSERT INTO attendance (id, student_id, subject_id, period_number, date, day_of_week, status, marked_by) VALUES (448, 9, 1, 1, '2026-01-26', 'Monday', 'present', 10);
INSERT INTO attendance (id, student_id, subject_id, period_number, date, day_of_week, status, marked_by) VALUES (449, 10, 1, 1, '2026-01-26', 'Monday', 'absent', 10);
INSERT INTO attendance (id, student_id, subject_id, period_number, date, day_of_week, status, marked_by) VALUES (450, 11, 1, 1, '2026-01-26', 'Monday', 'present', 10);
INSERT INTO attendance (id, student_id, subject_id, period_number, date, day_of_week, status, marked_by) VALUES (451, 12, 1, 1, '2026-01-26', 'Monday', 'present', 10);
INSERT INTO attendance (id, student_id, subject_id, period_number, date, day_of_week, status, marked_by) VALUES (452, 13, 1, 1, '2026-01-26', 'Monday', 'present', 10);
INSERT INTO attendance (id, student_id, subject_id, period_number, date, day_of_week, status, marked_by) VALUES (453, 14, 1, 1, '2026-01-26', 'Monday', 'present', 10);
INSERT INTO attendance (id, student_id, subject_id, period_number, date, day_of_week, status, marked_by) VALUES (454, 15, 1, 1, '2026-01-26', 'Monday', 'absent', 10);
INSERT INTO attendance (id, student_id, subject_id, period_number, date, day_of_week, status, marked_by) VALUES (455, 16, 1, 1, '2026-01-26', 'Monday', 'present', 10);
INSERT INTO attendance (id, student_id, subject_id, period_number, date, day_of_week, status, marked_by) VALUES (456, 17, 1, 1, '2026-01-26', 'Monday', 'present', 10);
INSERT INTO attendance (id, student_id, subject_id, period_number, date, day_of_week, status, marked_by) VALUES (457, 18, 1, 1, '2026-01-26', 'Monday', 'present', 10);
INSERT INTO attendance (id, student_id, subject_id, period_number, date, day_of_week, status, marked_by) VALUES (458, 19, 1, 1, '2026-01-26', 'Monday', 'present', 10);
INSERT INTO attendance (id, student_id, subject_id, period_number, date, day_of_week, status, marked_by) VALUES (459, 20, 1, 1, '2026-01-26', 'Monday', 'absent', 10);
INSERT INTO attendance (id, student_id, subject_id, period_number, date, day_of_week, status, marked_by) VALUES (460, 1, 1, 1, '2026-01-27', 'Tuesday', 'present', 10);
INSERT INTO attendance (id, student_id, subject_id, period_number, date, day_of_week, status, marked_by) VALUES (461, 2, 1, 1, '2026-01-27', 'Tuesday', 'present', 10);
INSERT INTO attendance (id, student_id, subject_id, period_number, date, day_of_week, status, marked_by) VALUES (462, 3, 1, 1, '2026-01-27', 'Tuesday', 'present', 10);
INSERT INTO attendance (id, student_id, subject_id, period_number, date, day_of_week, status, marked_by) VALUES (463, 4, 1, 1, '2026-01-27', 'Tuesday', 'present', 10);
INSERT INTO attendance (id, student_id, subject_id, period_number, date, day_of_week, status, marked_by) VALUES (464, 5, 1, 1, '2026-01-27', 'Tuesday', 'absent', 10);
INSERT INTO attendance (id, student_id, subject_id, period_number, date, day_of_week, status, marked_by) VALUES (465, 6, 1, 1, '2026-01-27', 'Tuesday', 'present', 10);
INSERT INTO attendance (id, student_id, subject_id, period_number, date, day_of_week, status, marked_by) VALUES (466, 7, 1, 1, '2026-01-27', 'Tuesday', 'present', 10);
INSERT INTO attendance (id, student_id, subject_id, period_number, date, day_of_week, status, marked_by) VALUES (467, 8, 1, 1, '2026-01-27', 'Tuesday', 'present', 10);
INSERT INTO attendance (id, student_id, subject_id, period_number, date, day_of_week, status, marked_by) VALUES (468, 9, 1, 1, '2026-01-27', 'Tuesday', 'present', 10);
INSERT INTO attendance (id, student_id, subject_id, period_number, date, day_of_week, status, marked_by) VALUES (469, 10, 1, 1, '2026-01-27', 'Tuesday', 'absent', 10);
INSERT INTO attendance (id, student_id, subject_id, period_number, date, day_of_week, status, marked_by) VALUES (470, 11, 1, 1, '2026-01-27', 'Tuesday', 'present', 10);
INSERT INTO attendance (id, student_id, subject_id, period_number, date, day_of_week, status, marked_by) VALUES (471, 12, 1, 1, '2026-01-27', 'Tuesday', 'present', 10);
INSERT INTO attendance (id, student_id, subject_id, period_number, date, day_of_week, status, marked_by) VALUES (472, 13, 1, 1, '2026-01-27', 'Tuesday', 'present', 10);
INSERT INTO attendance (id, student_id, subject_id, period_number, date, day_of_week, status, marked_by) VALUES (473, 14, 1, 1, '2026-01-27', 'Tuesday', 'present', 10);
INSERT INTO attendance (id, student_id, subject_id, period_number, date, day_of_week, status, marked_by) VALUES (474, 15, 1, 1, '2026-01-27', 'Tuesday', 'absent', 10);
INSERT INTO attendance (id, student_id, subject_id, period_number, date, day_of_week, status, marked_by) VALUES (475, 16, 1, 1, '2026-01-27', 'Tuesday', 'present', 10);
INSERT INTO attendance (id, student_id, subject_id, period_number, date, day_of_week, status, marked_by) VALUES (476, 17, 1, 1, '2026-01-27', 'Tuesday', 'present', 10);
INSERT INTO attendance (id, student_id, subject_id, period_number, date, day_of_week, status, marked_by) VALUES (477, 18, 1, 1, '2026-01-27', 'Tuesday', 'present', 10);
INSERT INTO attendance (id, student_id, subject_id, period_number, date, day_of_week, status, marked_by) VALUES (478, 19, 1, 1, '2026-01-27', 'Tuesday', 'present', 10);
INSERT INTO attendance (id, student_id, subject_id, period_number, date, day_of_week, status, marked_by) VALUES (479, 20, 1, 1, '2026-01-27', 'Tuesday', 'absent', 10);
INSERT INTO attendance (id, student_id, subject_id, period_number, date, day_of_week, status, marked_by) VALUES (480, 1, 1, 1, '2026-01-28', 'Wednesday', 'present', 10);
INSERT INTO attendance (id, student_id, subject_id, period_number, date, day_of_week, status, marked_by) VALUES (481, 2, 1, 1, '2026-01-28', 'Wednesday', 'present', 10);
INSERT INTO attendance (id, student_id, subject_id, period_number, date, day_of_week, status, marked_by) VALUES (482, 3, 1, 1, '2026-01-28', 'Wednesday', 'present', 10);
INSERT INTO attendance (id, student_id, subject_id, period_number, date, day_of_week, status, marked_by) VALUES (483, 4, 1, 1, '2026-01-28', 'Wednesday', 'present', 10);
INSERT INTO attendance (id, student_id, subject_id, period_number, date, day_of_week, status, marked_by) VALUES (484, 5, 1, 1, '2026-01-28', 'Wednesday', 'absent', 10);
INSERT INTO attendance (id, student_id, subject_id, period_number, date, day_of_week, status, marked_by) VALUES (485, 6, 1, 1, '2026-01-28', 'Wednesday', 'present', 10);
INSERT INTO attendance (id, student_id, subject_id, period_number, date, day_of_week, status, marked_by) VALUES (486, 7, 1, 1, '2026-01-28', 'Wednesday', 'present', 10);
INSERT INTO attendance (id, student_id, subject_id, period_number, date, day_of_week, status, marked_by) VALUES (487, 8, 1, 1, '2026-01-28', 'Wednesday', 'present', 10);
INSERT INTO attendance (id, student_id, subject_id, period_number, date, day_of_week, status, marked_by) VALUES (488, 9, 1, 1, '2026-01-28', 'Wednesday', 'present', 10);
INSERT INTO attendance (id, student_id, subject_id, period_number, date, day_of_week, status, marked_by) VALUES (489, 10, 1, 1, '2026-01-28', 'Wednesday', 'absent', 10);
INSERT INTO attendance (id, student_id, subject_id, period_number, date, day_of_week, status, marked_by) VALUES (490, 11, 1, 1, '2026-01-28', 'Wednesday', 'present', 10);
INSERT INTO attendance (id, student_id, subject_id, period_number, date, day_of_week, status, marked_by) VALUES (491, 12, 1, 1, '2026-01-28', 'Wednesday', 'present', 10);
INSERT INTO attendance (id, student_id, subject_id, period_number, date, day_of_week, status, marked_by) VALUES (492, 13, 1, 1, '2026-01-28', 'Wednesday', 'present', 10);
INSERT INTO attendance (id, student_id, subject_id, period_number, date, day_of_week, status, marked_by) VALUES (493, 14, 1, 1, '2026-01-28', 'Wednesday', 'present', 10);
INSERT INTO attendance (id, student_id, subject_id, period_number, date, day_of_week, status, marked_by) VALUES (494, 15, 1, 1, '2026-01-28', 'Wednesday', 'absent', 10);
INSERT INTO attendance (id, student_id, subject_id, period_number, date, day_of_week, status, marked_by) VALUES (495, 16, 1, 1, '2026-01-28', 'Wednesday', 'present', 10);
INSERT INTO attendance (id, student_id, subject_id, period_number, date, day_of_week, status, marked_by) VALUES (496, 17, 1, 1, '2026-01-28', 'Wednesday', 'present', 10);
INSERT INTO attendance (id, student_id, subject_id, period_number, date, day_of_week, status, marked_by) VALUES (497, 18, 1, 1, '2026-01-28', 'Wednesday', 'present', 10);
INSERT INTO attendance (id, student_id, subject_id, period_number, date, day_of_week, status, marked_by) VALUES (498, 19, 1, 1, '2026-01-28', 'Wednesday', 'present', 10);
INSERT INTO attendance (id, student_id, subject_id, period_number, date, day_of_week, status, marked_by) VALUES (499, 20, 1, 1, '2026-01-28', 'Wednesday', 'absent', 10);
INSERT INTO attendance (id, student_id, subject_id, period_number, date, day_of_week, status, marked_by) VALUES (500, 1, 1, 1, '2026-01-29', 'Thursday', 'present', 10);
INSERT INTO attendance (id, student_id, subject_id, period_number, date, day_of_week, status, marked_by) VALUES (501, 2, 1, 1, '2026-01-29', 'Thursday', 'present', 10);
INSERT INTO attendance (id, student_id, subject_id, period_number, date, day_of_week, status, marked_by) VALUES (502, 3, 1, 1, '2026-01-29', 'Thursday', 'present', 10);
INSERT INTO attendance (id, student_id, subject_id, period_number, date, day_of_week, status, marked_by) VALUES (503, 4, 1, 1, '2026-01-29', 'Thursday', 'present', 10);
INSERT INTO attendance (id, student_id, subject_id, period_number, date, day_of_week, status, marked_by) VALUES (504, 5, 1, 1, '2026-01-29', 'Thursday', 'absent', 10);
INSERT INTO attendance (id, student_id, subject_id, period_number, date, day_of_week, status, marked_by) VALUES (505, 6, 1, 1, '2026-01-29', 'Thursday', 'present', 10);
INSERT INTO attendance (id, student_id, subject_id, period_number, date, day_of_week, status, marked_by) VALUES (506, 7, 1, 1, '2026-01-29', 'Thursday', 'present', 10);
INSERT INTO attendance (id, student_id, subject_id, period_number, date, day_of_week, status, marked_by) VALUES (507, 8, 1, 1, '2026-01-29', 'Thursday', 'present', 10);
INSERT INTO attendance (id, student_id, subject_id, period_number, date, day_of_week, status, marked_by) VALUES (508, 9, 1, 1, '2026-01-29', 'Thursday', 'present', 10);
INSERT INTO attendance (id, student_id, subject_id, period_number, date, day_of_week, status, marked_by) VALUES (509, 10, 1, 1, '2026-01-29', 'Thursday', 'absent', 10);
INSERT INTO attendance (id, student_id, subject_id, period_number, date, day_of_week, status, marked_by) VALUES (510, 11, 1, 1, '2026-01-29', 'Thursday', 'present', 10);
INSERT INTO attendance (id, student_id, subject_id, period_number, date, day_of_week, status, marked_by) VALUES (511, 12, 1, 1, '2026-01-29', 'Thursday', 'present', 10);
INSERT INTO attendance (id, student_id, subject_id, period_number, date, day_of_week, status, marked_by) VALUES (512, 13, 1, 1, '2026-01-29', 'Thursday', 'present', 10);
INSERT INTO attendance (id, student_id, subject_id, period_number, date, day_of_week, status, marked_by) VALUES (513, 14, 1, 1, '2026-01-29', 'Thursday', 'present', 10);
INSERT INTO attendance (id, student_id, subject_id, period_number, date, day_of_week, status, marked_by) VALUES (514, 15, 1, 1, '2026-01-29', 'Thursday', 'absent', 10);
INSERT INTO attendance (id, student_id, subject_id, period_number, date, day_of_week, status, marked_by) VALUES (515, 16, 1, 1, '2026-01-29', 'Thursday', 'present', 10);
INSERT INTO attendance (id, student_id, subject_id, period_number, date, day_of_week, status, marked_by) VALUES (516, 17, 1, 1, '2026-01-29', 'Thursday', 'present', 10);
INSERT INTO attendance (id, student_id, subject_id, period_number, date, day_of_week, status, marked_by) VALUES (517, 18, 1, 1, '2026-01-29', 'Thursday', 'present', 10);
INSERT INTO attendance (id, student_id, subject_id, period_number, date, day_of_week, status, marked_by) VALUES (518, 19, 1, 1, '2026-01-29', 'Thursday', 'present', 10);
INSERT INTO attendance (id, student_id, subject_id, period_number, date, day_of_week, status, marked_by) VALUES (519, 20, 1, 1, '2026-01-29', 'Thursday', 'absent', 10);
INSERT INTO attendance (id, student_id, subject_id, period_number, date, day_of_week, status, marked_by) VALUES (520, 1, 1, 1, '2026-01-30', 'Friday', 'present', 10);
INSERT INTO attendance (id, student_id, subject_id, period_number, date, day_of_week, status, marked_by) VALUES (521, 2, 1, 1, '2026-01-30', 'Friday', 'present', 10);
INSERT INTO attendance (id, student_id, subject_id, period_number, date, day_of_week, status, marked_by) VALUES (522, 3, 1, 1, '2026-01-30', 'Friday', 'present', 10);
INSERT INTO attendance (id, student_id, subject_id, period_number, date, day_of_week, status, marked_by) VALUES (523, 4, 1, 1, '2026-01-30', 'Friday', 'present', 10);
INSERT INTO attendance (id, student_id, subject_id, period_number, date, day_of_week, status, marked_by) VALUES (524, 5, 1, 1, '2026-01-30', 'Friday', 'absent', 10);
INSERT INTO attendance (id, student_id, subject_id, period_number, date, day_of_week, status, marked_by) VALUES (525, 6, 1, 1, '2026-01-30', 'Friday', 'present', 10);
INSERT INTO attendance (id, student_id, subject_id, period_number, date, day_of_week, status, marked_by) VALUES (526, 7, 1, 1, '2026-01-30', 'Friday', 'present', 10);
INSERT INTO attendance (id, student_id, subject_id, period_number, date, day_of_week, status, marked_by) VALUES (527, 8, 1, 1, '2026-01-30', 'Friday', 'present', 10);
INSERT INTO attendance (id, student_id, subject_id, period_number, date, day_of_week, status, marked_by) VALUES (528, 9, 1, 1, '2026-01-30', 'Friday', 'present', 10);
INSERT INTO attendance (id, student_id, subject_id, period_number, date, day_of_week, status, marked_by) VALUES (529, 10, 1, 1, '2026-01-30', 'Friday', 'absent', 10);
INSERT INTO attendance (id, student_id, subject_id, period_number, date, day_of_week, status, marked_by) VALUES (530, 11, 1, 1, '2026-01-30', 'Friday', 'present', 10);
INSERT INTO attendance (id, student_id, subject_id, period_number, date, day_of_week, status, marked_by) VALUES (531, 12, 1, 1, '2026-01-30', 'Friday', 'present', 10);
INSERT INTO attendance (id, student_id, subject_id, period_number, date, day_of_week, status, marked_by) VALUES (532, 13, 1, 1, '2026-01-30', 'Friday', 'present', 10);
INSERT INTO attendance (id, student_id, subject_id, period_number, date, day_of_week, status, marked_by) VALUES (533, 14, 1, 1, '2026-01-30', 'Friday', 'present', 10);
INSERT INTO attendance (id, student_id, subject_id, period_number, date, day_of_week, status, marked_by) VALUES (534, 15, 1, 1, '2026-01-30', 'Friday', 'absent', 10);
INSERT INTO attendance (id, student_id, subject_id, period_number, date, day_of_week, status, marked_by) VALUES (535, 16, 1, 1, '2026-01-30', 'Friday', 'present', 10);
INSERT INTO attendance (id, student_id, subject_id, period_number, date, day_of_week, status, marked_by) VALUES (536, 17, 1, 1, '2026-01-30', 'Friday', 'present', 10);
INSERT INTO attendance (id, student_id, subject_id, period_number, date, day_of_week, status, marked_by) VALUES (537, 18, 1, 1, '2026-01-30', 'Friday', 'present', 10);
INSERT INTO attendance (id, student_id, subject_id, period_number, date, day_of_week, status, marked_by) VALUES (538, 19, 1, 1, '2026-01-30', 'Friday', 'present', 10);
INSERT INTO attendance (id, student_id, subject_id, period_number, date, day_of_week, status, marked_by) VALUES (539, 20, 1, 1, '2026-01-30', 'Friday', 'absent', 10);
INSERT INTO attendance (id, student_id, subject_id, period_number, date, day_of_week, status, marked_by) VALUES (540, 1, 1, 1, '2026-02-02', 'Monday', 'present', 10);
INSERT INTO attendance (id, student_id, subject_id, period_number, date, day_of_week, status, marked_by) VALUES (541, 2, 1, 1, '2026-02-02', 'Monday', 'present', 10);
INSERT INTO attendance (id, student_id, subject_id, period_number, date, day_of_week, status, marked_by) VALUES (542, 3, 1, 1, '2026-02-02', 'Monday', 'present', 10);
INSERT INTO attendance (id, student_id, subject_id, period_number, date, day_of_week, status, marked_by) VALUES (543, 4, 1, 1, '2026-02-02', 'Monday', 'present', 10);
INSERT INTO attendance (id, student_id, subject_id, period_number, date, day_of_week, status, marked_by) VALUES (544, 5, 1, 1, '2026-02-02', 'Monday', 'absent', 10);
INSERT INTO attendance (id, student_id, subject_id, period_number, date, day_of_week, status, marked_by) VALUES (545, 6, 1, 1, '2026-02-02', 'Monday', 'present', 10);
INSERT INTO attendance (id, student_id, subject_id, period_number, date, day_of_week, status, marked_by) VALUES (546, 7, 1, 1, '2026-02-02', 'Monday', 'present', 10);
INSERT INTO attendance (id, student_id, subject_id, period_number, date, day_of_week, status, marked_by) VALUES (547, 8, 1, 1, '2026-02-02', 'Monday', 'present', 10);
INSERT INTO attendance (id, student_id, subject_id, period_number, date, day_of_week, status, marked_by) VALUES (548, 9, 1, 1, '2026-02-02', 'Monday', 'present', 10);
INSERT INTO attendance (id, student_id, subject_id, period_number, date, day_of_week, status, marked_by) VALUES (549, 10, 1, 1, '2026-02-02', 'Monday', 'absent', 10);
INSERT INTO attendance (id, student_id, subject_id, period_number, date, day_of_week, status, marked_by) VALUES (550, 11, 1, 1, '2026-02-02', 'Monday', 'present', 10);
INSERT INTO attendance (id, student_id, subject_id, period_number, date, day_of_week, status, marked_by) VALUES (551, 12, 1, 1, '2026-02-02', 'Monday', 'present', 10);
INSERT INTO attendance (id, student_id, subject_id, period_number, date, day_of_week, status, marked_by) VALUES (552, 13, 1, 1, '2026-02-02', 'Monday', 'present', 10);
INSERT INTO attendance (id, student_id, subject_id, period_number, date, day_of_week, status, marked_by) VALUES (553, 14, 1, 1, '2026-02-02', 'Monday', 'present', 10);
INSERT INTO attendance (id, student_id, subject_id, period_number, date, day_of_week, status, marked_by) VALUES (554, 15, 1, 1, '2026-02-02', 'Monday', 'absent', 10);
INSERT INTO attendance (id, student_id, subject_id, period_number, date, day_of_week, status, marked_by) VALUES (555, 16, 1, 1, '2026-02-02', 'Monday', 'present', 10);
INSERT INTO attendance (id, student_id, subject_id, period_number, date, day_of_week, status, marked_by) VALUES (556, 17, 1, 1, '2026-02-02', 'Monday', 'present', 10);
INSERT INTO attendance (id, student_id, subject_id, period_number, date, day_of_week, status, marked_by) VALUES (557, 18, 1, 1, '2026-02-02', 'Monday', 'present', 10);
INSERT INTO attendance (id, student_id, subject_id, period_number, date, day_of_week, status, marked_by) VALUES (558, 19, 1, 1, '2026-02-02', 'Monday', 'present', 10);
INSERT INTO attendance (id, student_id, subject_id, period_number, date, day_of_week, status, marked_by) VALUES (559, 20, 1, 1, '2026-02-02', 'Monday', 'absent', 10);
INSERT INTO attendance (id, student_id, subject_id, period_number, date, day_of_week, status, marked_by) VALUES (560, 1, 1, 1, '2026-02-03', 'Tuesday', 'present', 10);
INSERT INTO attendance (id, student_id, subject_id, period_number, date, day_of_week, status, marked_by) VALUES (561, 2, 1, 1, '2026-02-03', 'Tuesday', 'present', 10);
INSERT INTO attendance (id, student_id, subject_id, period_number, date, day_of_week, status, marked_by) VALUES (562, 3, 1, 1, '2026-02-03', 'Tuesday', 'present', 10);
INSERT INTO attendance (id, student_id, subject_id, period_number, date, day_of_week, status, marked_by) VALUES (563, 4, 1, 1, '2026-02-03', 'Tuesday', 'present', 10);
INSERT INTO attendance (id, student_id, subject_id, period_number, date, day_of_week, status, marked_by) VALUES (564, 5, 1, 1, '2026-02-03', 'Tuesday', 'absent', 10);
INSERT INTO attendance (id, student_id, subject_id, period_number, date, day_of_week, status, marked_by) VALUES (565, 6, 1, 1, '2026-02-03', 'Tuesday', 'present', 10);
INSERT INTO attendance (id, student_id, subject_id, period_number, date, day_of_week, status, marked_by) VALUES (566, 7, 1, 1, '2026-02-03', 'Tuesday', 'present', 10);
INSERT INTO attendance (id, student_id, subject_id, period_number, date, day_of_week, status, marked_by) VALUES (567, 8, 1, 1, '2026-02-03', 'Tuesday', 'present', 10);
INSERT INTO attendance (id, student_id, subject_id, period_number, date, day_of_week, status, marked_by) VALUES (568, 9, 1, 1, '2026-02-03', 'Tuesday', 'present', 10);
INSERT INTO attendance (id, student_id, subject_id, period_number, date, day_of_week, status, marked_by) VALUES (569, 10, 1, 1, '2026-02-03', 'Tuesday', 'absent', 10);
INSERT INTO attendance (id, student_id, subject_id, period_number, date, day_of_week, status, marked_by) VALUES (570, 11, 1, 1, '2026-02-03', 'Tuesday', 'present', 10);
INSERT INTO attendance (id, student_id, subject_id, period_number, date, day_of_week, status, marked_by) VALUES (571, 12, 1, 1, '2026-02-03', 'Tuesday', 'present', 10);
INSERT INTO attendance (id, student_id, subject_id, period_number, date, day_of_week, status, marked_by) VALUES (572, 13, 1, 1, '2026-02-03', 'Tuesday', 'present', 10);
INSERT INTO attendance (id, student_id, subject_id, period_number, date, day_of_week, status, marked_by) VALUES (573, 14, 1, 1, '2026-02-03', 'Tuesday', 'present', 10);
INSERT INTO attendance (id, student_id, subject_id, period_number, date, day_of_week, status, marked_by) VALUES (574, 15, 1, 1, '2026-02-03', 'Tuesday', 'absent', 10);
INSERT INTO attendance (id, student_id, subject_id, period_number, date, day_of_week, status, marked_by) VALUES (575, 16, 1, 1, '2026-02-03', 'Tuesday', 'present', 10);
INSERT INTO attendance (id, student_id, subject_id, period_number, date, day_of_week, status, marked_by) VALUES (576, 17, 1, 1, '2026-02-03', 'Tuesday', 'present', 10);
INSERT INTO attendance (id, student_id, subject_id, period_number, date, day_of_week, status, marked_by) VALUES (577, 18, 1, 1, '2026-02-03', 'Tuesday', 'present', 10);
INSERT INTO attendance (id, student_id, subject_id, period_number, date, day_of_week, status, marked_by) VALUES (578, 19, 1, 1, '2026-02-03', 'Tuesday', 'present', 10);
INSERT INTO attendance (id, student_id, subject_id, period_number, date, day_of_week, status, marked_by) VALUES (579, 20, 1, 1, '2026-02-03', 'Tuesday', 'absent', 10);
INSERT INTO attendance (id, student_id, subject_id, period_number, date, day_of_week, status, marked_by) VALUES (580, 1, 1, 1, '2026-02-04', 'Wednesday', 'present', 10);
INSERT INTO attendance (id, student_id, subject_id, period_number, date, day_of_week, status, marked_by) VALUES (581, 2, 1, 1, '2026-02-04', 'Wednesday', 'present', 10);
INSERT INTO attendance (id, student_id, subject_id, period_number, date, day_of_week, status, marked_by) VALUES (582, 3, 1, 1, '2026-02-04', 'Wednesday', 'present', 10);
INSERT INTO attendance (id, student_id, subject_id, period_number, date, day_of_week, status, marked_by) VALUES (583, 4, 1, 1, '2026-02-04', 'Wednesday', 'present', 10);
INSERT INTO attendance (id, student_id, subject_id, period_number, date, day_of_week, status, marked_by) VALUES (584, 5, 1, 1, '2026-02-04', 'Wednesday', 'absent', 10);
INSERT INTO attendance (id, student_id, subject_id, period_number, date, day_of_week, status, marked_by) VALUES (585, 6, 1, 1, '2026-02-04', 'Wednesday', 'present', 10);
INSERT INTO attendance (id, student_id, subject_id, period_number, date, day_of_week, status, marked_by) VALUES (586, 7, 1, 1, '2026-02-04', 'Wednesday', 'present', 10);
INSERT INTO attendance (id, student_id, subject_id, period_number, date, day_of_week, status, marked_by) VALUES (587, 8, 1, 1, '2026-02-04', 'Wednesday', 'present', 10);
INSERT INTO attendance (id, student_id, subject_id, period_number, date, day_of_week, status, marked_by) VALUES (588, 9, 1, 1, '2026-02-04', 'Wednesday', 'present', 10);
INSERT INTO attendance (id, student_id, subject_id, period_number, date, day_of_week, status, marked_by) VALUES (589, 10, 1, 1, '2026-02-04', 'Wednesday', 'absent', 10);
INSERT INTO attendance (id, student_id, subject_id, period_number, date, day_of_week, status, marked_by) VALUES (590, 11, 1, 1, '2026-02-04', 'Wednesday', 'present', 10);
INSERT INTO attendance (id, student_id, subject_id, period_number, date, day_of_week, status, marked_by) VALUES (591, 12, 1, 1, '2026-02-04', 'Wednesday', 'present', 10);
INSERT INTO attendance (id, student_id, subject_id, period_number, date, day_of_week, status, marked_by) VALUES (592, 13, 1, 1, '2026-02-04', 'Wednesday', 'present', 10);
INSERT INTO attendance (id, student_id, subject_id, period_number, date, day_of_week, status, marked_by) VALUES (593, 14, 1, 1, '2026-02-04', 'Wednesday', 'present', 10);
INSERT INTO attendance (id, student_id, subject_id, period_number, date, day_of_week, status, marked_by) VALUES (594, 15, 1, 1, '2026-02-04', 'Wednesday', 'absent', 10);
INSERT INTO attendance (id, student_id, subject_id, period_number, date, day_of_week, status, marked_by) VALUES (595, 16, 1, 1, '2026-02-04', 'Wednesday', 'present', 10);
INSERT INTO attendance (id, student_id, subject_id, period_number, date, day_of_week, status, marked_by) VALUES (596, 17, 1, 1, '2026-02-04', 'Wednesday', 'present', 10);
INSERT INTO attendance (id, student_id, subject_id, period_number, date, day_of_week, status, marked_by) VALUES (597, 18, 1, 1, '2026-02-04', 'Wednesday', 'present', 10);
INSERT INTO attendance (id, student_id, subject_id, period_number, date, day_of_week, status, marked_by) VALUES (598, 19, 1, 1, '2026-02-04', 'Wednesday', 'present', 10);
INSERT INTO attendance (id, student_id, subject_id, period_number, date, day_of_week, status, marked_by) VALUES (599, 20, 1, 1, '2026-02-04', 'Wednesday', 'absent', 10);
INSERT INTO attendance (id, student_id, subject_id, period_number, date, day_of_week, status, marked_by) VALUES (600, 1, 1, 1, '2026-02-05', 'Thursday', 'present', 10);
INSERT INTO attendance (id, student_id, subject_id, period_number, date, day_of_week, status, marked_by) VALUES (601, 2, 1, 1, '2026-02-05', 'Thursday', 'present', 10);
INSERT INTO attendance (id, student_id, subject_id, period_number, date, day_of_week, status, marked_by) VALUES (602, 3, 1, 1, '2026-02-05', 'Thursday', 'present', 10);
INSERT INTO attendance (id, student_id, subject_id, period_number, date, day_of_week, status, marked_by) VALUES (603, 4, 1, 1, '2026-02-05', 'Thursday', 'present', 10);
INSERT INTO attendance (id, student_id, subject_id, period_number, date, day_of_week, status, marked_by) VALUES (604, 5, 1, 1, '2026-02-05', 'Thursday', 'absent', 10);
INSERT INTO attendance (id, student_id, subject_id, period_number, date, day_of_week, status, marked_by) VALUES (605, 6, 1, 1, '2026-02-05', 'Thursday', 'present', 10);
INSERT INTO attendance (id, student_id, subject_id, period_number, date, day_of_week, status, marked_by) VALUES (606, 7, 1, 1, '2026-02-05', 'Thursday', 'present', 10);
INSERT INTO attendance (id, student_id, subject_id, period_number, date, day_of_week, status, marked_by) VALUES (607, 8, 1, 1, '2026-02-05', 'Thursday', 'present', 10);
INSERT INTO attendance (id, student_id, subject_id, period_number, date, day_of_week, status, marked_by) VALUES (608, 9, 1, 1, '2026-02-05', 'Thursday', 'present', 10);
INSERT INTO attendance (id, student_id, subject_id, period_number, date, day_of_week, status, marked_by) VALUES (609, 10, 1, 1, '2026-02-05', 'Thursday', 'absent', 10);
INSERT INTO attendance (id, student_id, subject_id, period_number, date, day_of_week, status, marked_by) VALUES (610, 11, 1, 1, '2026-02-05', 'Thursday', 'present', 10);
INSERT INTO attendance (id, student_id, subject_id, period_number, date, day_of_week, status, marked_by) VALUES (611, 12, 1, 1, '2026-02-05', 'Thursday', 'present', 10);
INSERT INTO attendance (id, student_id, subject_id, period_number, date, day_of_week, status, marked_by) VALUES (612, 13, 1, 1, '2026-02-05', 'Thursday', 'present', 10);
INSERT INTO attendance (id, student_id, subject_id, period_number, date, day_of_week, status, marked_by) VALUES (613, 14, 1, 1, '2026-02-05', 'Thursday', 'present', 10);
INSERT INTO attendance (id, student_id, subject_id, period_number, date, day_of_week, status, marked_by) VALUES (614, 15, 1, 1, '2026-02-05', 'Thursday', 'absent', 10);
INSERT INTO attendance (id, student_id, subject_id, period_number, date, day_of_week, status, marked_by) VALUES (615, 16, 1, 1, '2026-02-05', 'Thursday', 'present', 10);
INSERT INTO attendance (id, student_id, subject_id, period_number, date, day_of_week, status, marked_by) VALUES (616, 17, 1, 1, '2026-02-05', 'Thursday', 'present', 10);
INSERT INTO attendance (id, student_id, subject_id, period_number, date, day_of_week, status, marked_by) VALUES (617, 18, 1, 1, '2026-02-05', 'Thursday', 'present', 10);
INSERT INTO attendance (id, student_id, subject_id, period_number, date, day_of_week, status, marked_by) VALUES (618, 19, 1, 1, '2026-02-05', 'Thursday', 'present', 10);
INSERT INTO attendance (id, student_id, subject_id, period_number, date, day_of_week, status, marked_by) VALUES (619, 20, 1, 1, '2026-02-05', 'Thursday', 'absent', 10);
INSERT INTO attendance (id, student_id, subject_id, period_number, date, day_of_week, status, marked_by) VALUES (620, 1, 1, 1, '2026-02-06', 'Friday', 'present', 10);
INSERT INTO attendance (id, student_id, subject_id, period_number, date, day_of_week, status, marked_by) VALUES (621, 2, 1, 1, '2026-02-06', 'Friday', 'present', 10);
INSERT INTO attendance (id, student_id, subject_id, period_number, date, day_of_week, status, marked_by) VALUES (622, 3, 1, 1, '2026-02-06', 'Friday', 'present', 10);
INSERT INTO attendance (id, student_id, subject_id, period_number, date, day_of_week, status, marked_by) VALUES (623, 4, 1, 1, '2026-02-06', 'Friday', 'present', 10);
INSERT INTO attendance (id, student_id, subject_id, period_number, date, day_of_week, status, marked_by) VALUES (624, 5, 1, 1, '2026-02-06', 'Friday', 'absent', 10);
INSERT INTO attendance (id, student_id, subject_id, period_number, date, day_of_week, status, marked_by) VALUES (625, 6, 1, 1, '2026-02-06', 'Friday', 'present', 10);
INSERT INTO attendance (id, student_id, subject_id, period_number, date, day_of_week, status, marked_by) VALUES (626, 7, 1, 1, '2026-02-06', 'Friday', 'present', 10);
INSERT INTO attendance (id, student_id, subject_id, period_number, date, day_of_week, status, marked_by) VALUES (627, 8, 1, 1, '2026-02-06', 'Friday', 'present', 10);
INSERT INTO attendance (id, student_id, subject_id, period_number, date, day_of_week, status, marked_by) VALUES (628, 9, 1, 1, '2026-02-06', 'Friday', 'present', 10);
INSERT INTO attendance (id, student_id, subject_id, period_number, date, day_of_week, status, marked_by) VALUES (629, 10, 1, 1, '2026-02-06', 'Friday', 'absent', 10);
INSERT INTO attendance (id, student_id, subject_id, period_number, date, day_of_week, status, marked_by) VALUES (630, 11, 1, 1, '2026-02-06', 'Friday', 'present', 10);
INSERT INTO attendance (id, student_id, subject_id, period_number, date, day_of_week, status, marked_by) VALUES (631, 12, 1, 1, '2026-02-06', 'Friday', 'present', 10);
INSERT INTO attendance (id, student_id, subject_id, period_number, date, day_of_week, status, marked_by) VALUES (632, 13, 1, 1, '2026-02-06', 'Friday', 'present', 10);
INSERT INTO attendance (id, student_id, subject_id, period_number, date, day_of_week, status, marked_by) VALUES (633, 14, 1, 1, '2026-02-06', 'Friday', 'present', 10);
INSERT INTO attendance (id, student_id, subject_id, period_number, date, day_of_week, status, marked_by) VALUES (634, 15, 1, 1, '2026-02-06', 'Friday', 'absent', 10);
INSERT INTO attendance (id, student_id, subject_id, period_number, date, day_of_week, status, marked_by) VALUES (635, 16, 1, 1, '2026-02-06', 'Friday', 'present', 10);
INSERT INTO attendance (id, student_id, subject_id, period_number, date, day_of_week, status, marked_by) VALUES (636, 17, 1, 1, '2026-02-06', 'Friday', 'present', 10);
INSERT INTO attendance (id, student_id, subject_id, period_number, date, day_of_week, status, marked_by) VALUES (637, 18, 1, 1, '2026-02-06', 'Friday', 'present', 10);
INSERT INTO attendance (id, student_id, subject_id, period_number, date, day_of_week, status, marked_by) VALUES (638, 19, 1, 1, '2026-02-06', 'Friday', 'present', 10);
INSERT INTO attendance (id, student_id, subject_id, period_number, date, day_of_week, status, marked_by) VALUES (639, 20, 1, 1, '2026-02-06', 'Friday', 'absent', 10);
INSERT INTO attendance (id, student_id, subject_id, period_number, date, day_of_week, status, marked_by) VALUES (640, 1, 1, 1, '2026-02-09', 'Monday', 'present', 10);
INSERT INTO attendance (id, student_id, subject_id, period_number, date, day_of_week, status, marked_by) VALUES (641, 2, 1, 1, '2026-02-09', 'Monday', 'present', 10);
INSERT INTO attendance (id, student_id, subject_id, period_number, date, day_of_week, status, marked_by) VALUES (642, 3, 1, 1, '2026-02-09', 'Monday', 'present', 10);
INSERT INTO attendance (id, student_id, subject_id, period_number, date, day_of_week, status, marked_by) VALUES (643, 4, 1, 1, '2026-02-09', 'Monday', 'present', 10);
INSERT INTO attendance (id, student_id, subject_id, period_number, date, day_of_week, status, marked_by) VALUES (644, 5, 1, 1, '2026-02-09', 'Monday', 'absent', 10);
INSERT INTO attendance (id, student_id, subject_id, period_number, date, day_of_week, status, marked_by) VALUES (645, 6, 1, 1, '2026-02-09', 'Monday', 'present', 10);
INSERT INTO attendance (id, student_id, subject_id, period_number, date, day_of_week, status, marked_by) VALUES (646, 7, 1, 1, '2026-02-09', 'Monday', 'present', 10);
INSERT INTO attendance (id, student_id, subject_id, period_number, date, day_of_week, status, marked_by) VALUES (647, 8, 1, 1, '2026-02-09', 'Monday', 'present', 10);
INSERT INTO attendance (id, student_id, subject_id, period_number, date, day_of_week, status, marked_by) VALUES (648, 9, 1, 1, '2026-02-09', 'Monday', 'present', 10);
INSERT INTO attendance (id, student_id, subject_id, period_number, date, day_of_week, status, marked_by) VALUES (649, 10, 1, 1, '2026-02-09', 'Monday', 'absent', 10);
INSERT INTO attendance (id, student_id, subject_id, period_number, date, day_of_week, status, marked_by) VALUES (650, 11, 1, 1, '2026-02-09', 'Monday', 'present', 10);
INSERT INTO attendance (id, student_id, subject_id, period_number, date, day_of_week, status, marked_by) VALUES (651, 12, 1, 1, '2026-02-09', 'Monday', 'present', 10);
INSERT INTO attendance (id, student_id, subject_id, period_number, date, day_of_week, status, marked_by) VALUES (652, 13, 1, 1, '2026-02-09', 'Monday', 'present', 10);
INSERT INTO attendance (id, student_id, subject_id, period_number, date, day_of_week, status, marked_by) VALUES (653, 14, 1, 1, '2026-02-09', 'Monday', 'present', 10);
INSERT INTO attendance (id, student_id, subject_id, period_number, date, day_of_week, status, marked_by) VALUES (654, 15, 1, 1, '2026-02-09', 'Monday', 'absent', 10);
INSERT INTO attendance (id, student_id, subject_id, period_number, date, day_of_week, status, marked_by) VALUES (655, 16, 1, 1, '2026-02-09', 'Monday', 'present', 10);
INSERT INTO attendance (id, student_id, subject_id, period_number, date, day_of_week, status, marked_by) VALUES (656, 17, 1, 1, '2026-02-09', 'Monday', 'present', 10);
INSERT INTO attendance (id, student_id, subject_id, period_number, date, day_of_week, status, marked_by) VALUES (657, 18, 1, 1, '2026-02-09', 'Monday', 'present', 10);
INSERT INTO attendance (id, student_id, subject_id, period_number, date, day_of_week, status, marked_by) VALUES (658, 19, 1, 1, '2026-02-09', 'Monday', 'present', 10);
INSERT INTO attendance (id, student_id, subject_id, period_number, date, day_of_week, status, marked_by) VALUES (659, 20, 1, 1, '2026-02-09', 'Monday', 'absent', 10);
INSERT INTO attendance (id, student_id, subject_id, period_number, date, day_of_week, status, marked_by) VALUES (660, 1, 1, 1, '2026-02-10', 'Tuesday', 'present', 10);
INSERT INTO attendance (id, student_id, subject_id, period_number, date, day_of_week, status, marked_by) VALUES (661, 2, 1, 1, '2026-02-10', 'Tuesday', 'present', 10);
INSERT INTO attendance (id, student_id, subject_id, period_number, date, day_of_week, status, marked_by) VALUES (662, 3, 1, 1, '2026-02-10', 'Tuesday', 'present', 10);
INSERT INTO attendance (id, student_id, subject_id, period_number, date, day_of_week, status, marked_by) VALUES (663, 4, 1, 1, '2026-02-10', 'Tuesday', 'present', 10);
INSERT INTO attendance (id, student_id, subject_id, period_number, date, day_of_week, status, marked_by) VALUES (664, 5, 1, 1, '2026-02-10', 'Tuesday', 'absent', 10);
INSERT INTO attendance (id, student_id, subject_id, period_number, date, day_of_week, status, marked_by) VALUES (665, 6, 1, 1, '2026-02-10', 'Tuesday', 'present', 10);
INSERT INTO attendance (id, student_id, subject_id, period_number, date, day_of_week, status, marked_by) VALUES (666, 7, 1, 1, '2026-02-10', 'Tuesday', 'present', 10);
INSERT INTO attendance (id, student_id, subject_id, period_number, date, day_of_week, status, marked_by) VALUES (667, 8, 1, 1, '2026-02-10', 'Tuesday', 'present', 10);
INSERT INTO attendance (id, student_id, subject_id, period_number, date, day_of_week, status, marked_by) VALUES (668, 9, 1, 1, '2026-02-10', 'Tuesday', 'present', 10);
INSERT INTO attendance (id, student_id, subject_id, period_number, date, day_of_week, status, marked_by) VALUES (669, 10, 1, 1, '2026-02-10', 'Tuesday', 'absent', 10);
INSERT INTO attendance (id, student_id, subject_id, period_number, date, day_of_week, status, marked_by) VALUES (670, 11, 1, 1, '2026-02-10', 'Tuesday', 'present', 10);
INSERT INTO attendance (id, student_id, subject_id, period_number, date, day_of_week, status, marked_by) VALUES (671, 12, 1, 1, '2026-02-10', 'Tuesday', 'present', 10);
INSERT INTO attendance (id, student_id, subject_id, period_number, date, day_of_week, status, marked_by) VALUES (672, 13, 1, 1, '2026-02-10', 'Tuesday', 'present', 10);
INSERT INTO attendance (id, student_id, subject_id, period_number, date, day_of_week, status, marked_by) VALUES (673, 14, 1, 1, '2026-02-10', 'Tuesday', 'present', 10);
INSERT INTO attendance (id, student_id, subject_id, period_number, date, day_of_week, status, marked_by) VALUES (674, 15, 1, 1, '2026-02-10', 'Tuesday', 'absent', 10);
INSERT INTO attendance (id, student_id, subject_id, period_number, date, day_of_week, status, marked_by) VALUES (675, 16, 1, 1, '2026-02-10', 'Tuesday', 'present', 10);
INSERT INTO attendance (id, student_id, subject_id, period_number, date, day_of_week, status, marked_by) VALUES (676, 17, 1, 1, '2026-02-10', 'Tuesday', 'present', 10);
INSERT INTO attendance (id, student_id, subject_id, period_number, date, day_of_week, status, marked_by) VALUES (677, 18, 1, 1, '2026-02-10', 'Tuesday', 'present', 10);
INSERT INTO attendance (id, student_id, subject_id, period_number, date, day_of_week, status, marked_by) VALUES (678, 19, 1, 1, '2026-02-10', 'Tuesday', 'present', 10);
INSERT INTO attendance (id, student_id, subject_id, period_number, date, day_of_week, status, marked_by) VALUES (679, 20, 1, 1, '2026-02-10', 'Tuesday', 'absent', 10);
INSERT INTO attendance (id, student_id, subject_id, period_number, date, day_of_week, status, marked_by) VALUES (680, 1, 1, 1, '2026-02-11', 'Wednesday', 'present', 10);
INSERT INTO attendance (id, student_id, subject_id, period_number, date, day_of_week, status, marked_by) VALUES (681, 2, 1, 1, '2026-02-11', 'Wednesday', 'present', 10);
INSERT INTO attendance (id, student_id, subject_id, period_number, date, day_of_week, status, marked_by) VALUES (682, 3, 1, 1, '2026-02-11', 'Wednesday', 'present', 10);
INSERT INTO attendance (id, student_id, subject_id, period_number, date, day_of_week, status, marked_by) VALUES (683, 4, 1, 1, '2026-02-11', 'Wednesday', 'present', 10);
INSERT INTO attendance (id, student_id, subject_id, period_number, date, day_of_week, status, marked_by) VALUES (684, 5, 1, 1, '2026-02-11', 'Wednesday', 'absent', 10);
INSERT INTO attendance (id, student_id, subject_id, period_number, date, day_of_week, status, marked_by) VALUES (685, 6, 1, 1, '2026-02-11', 'Wednesday', 'present', 10);
INSERT INTO attendance (id, student_id, subject_id, period_number, date, day_of_week, status, marked_by) VALUES (686, 7, 1, 1, '2026-02-11', 'Wednesday', 'present', 10);
INSERT INTO attendance (id, student_id, subject_id, period_number, date, day_of_week, status, marked_by) VALUES (687, 8, 1, 1, '2026-02-11', 'Wednesday', 'present', 10);
INSERT INTO attendance (id, student_id, subject_id, period_number, date, day_of_week, status, marked_by) VALUES (688, 9, 1, 1, '2026-02-11', 'Wednesday', 'present', 10);
INSERT INTO attendance (id, student_id, subject_id, period_number, date, day_of_week, status, marked_by) VALUES (689, 10, 1, 1, '2026-02-11', 'Wednesday', 'absent', 10);
INSERT INTO attendance (id, student_id, subject_id, period_number, date, day_of_week, status, marked_by) VALUES (690, 11, 1, 1, '2026-02-11', 'Wednesday', 'present', 10);
INSERT INTO attendance (id, student_id, subject_id, period_number, date, day_of_week, status, marked_by) VALUES (691, 12, 1, 1, '2026-02-11', 'Wednesday', 'present', 10);
INSERT INTO attendance (id, student_id, subject_id, period_number, date, day_of_week, status, marked_by) VALUES (692, 13, 1, 1, '2026-02-11', 'Wednesday', 'present', 10);
INSERT INTO attendance (id, student_id, subject_id, period_number, date, day_of_week, status, marked_by) VALUES (693, 14, 1, 1, '2026-02-11', 'Wednesday', 'present', 10);
INSERT INTO attendance (id, student_id, subject_id, period_number, date, day_of_week, status, marked_by) VALUES (694, 15, 1, 1, '2026-02-11', 'Wednesday', 'absent', 10);
INSERT INTO attendance (id, student_id, subject_id, period_number, date, day_of_week, status, marked_by) VALUES (695, 16, 1, 1, '2026-02-11', 'Wednesday', 'present', 10);
INSERT INTO attendance (id, student_id, subject_id, period_number, date, day_of_week, status, marked_by) VALUES (696, 17, 1, 1, '2026-02-11', 'Wednesday', 'present', 10);
INSERT INTO attendance (id, student_id, subject_id, period_number, date, day_of_week, status, marked_by) VALUES (697, 18, 1, 1, '2026-02-11', 'Wednesday', 'present', 10);
INSERT INTO attendance (id, student_id, subject_id, period_number, date, day_of_week, status, marked_by) VALUES (698, 19, 1, 1, '2026-02-11', 'Wednesday', 'present', 10);
INSERT INTO attendance (id, student_id, subject_id, period_number, date, day_of_week, status, marked_by) VALUES (699, 20, 1, 1, '2026-02-11', 'Wednesday', 'absent', 10);
INSERT INTO attendance (id, student_id, subject_id, period_number, date, day_of_week, status, marked_by) VALUES (700, 1, 1, 1, '2026-02-12', 'Thursday', 'present', 10);
INSERT INTO attendance (id, student_id, subject_id, period_number, date, day_of_week, status, marked_by) VALUES (701, 2, 1, 1, '2026-02-12', 'Thursday', 'present', 10);
INSERT INTO attendance (id, student_id, subject_id, period_number, date, day_of_week, status, marked_by) VALUES (702, 3, 1, 1, '2026-02-12', 'Thursday', 'present', 10);
INSERT INTO attendance (id, student_id, subject_id, period_number, date, day_of_week, status, marked_by) VALUES (703, 4, 1, 1, '2026-02-12', 'Thursday', 'present', 10);
INSERT INTO attendance (id, student_id, subject_id, period_number, date, day_of_week, status, marked_by) VALUES (704, 5, 1, 1, '2026-02-12', 'Thursday', 'absent', 10);
INSERT INTO attendance (id, student_id, subject_id, period_number, date, day_of_week, status, marked_by) VALUES (705, 6, 1, 1, '2026-02-12', 'Thursday', 'present', 10);
INSERT INTO attendance (id, student_id, subject_id, period_number, date, day_of_week, status, marked_by) VALUES (706, 7, 1, 1, '2026-02-12', 'Thursday', 'present', 10);
INSERT INTO attendance (id, student_id, subject_id, period_number, date, day_of_week, status, marked_by) VALUES (707, 8, 1, 1, '2026-02-12', 'Thursday', 'present', 10);
INSERT INTO attendance (id, student_id, subject_id, period_number, date, day_of_week, status, marked_by) VALUES (708, 9, 1, 1, '2026-02-12', 'Thursday', 'present', 10);
INSERT INTO attendance (id, student_id, subject_id, period_number, date, day_of_week, status, marked_by) VALUES (709, 10, 1, 1, '2026-02-12', 'Thursday', 'absent', 10);
INSERT INTO attendance (id, student_id, subject_id, period_number, date, day_of_week, status, marked_by) VALUES (710, 11, 1, 1, '2026-02-12', 'Thursday', 'present', 10);
INSERT INTO attendance (id, student_id, subject_id, period_number, date, day_of_week, status, marked_by) VALUES (711, 12, 1, 1, '2026-02-12', 'Thursday', 'present', 10);
INSERT INTO attendance (id, student_id, subject_id, period_number, date, day_of_week, status, marked_by) VALUES (712, 13, 1, 1, '2026-02-12', 'Thursday', 'present', 10);
INSERT INTO attendance (id, student_id, subject_id, period_number, date, day_of_week, status, marked_by) VALUES (713, 14, 1, 1, '2026-02-12', 'Thursday', 'present', 10);
INSERT INTO attendance (id, student_id, subject_id, period_number, date, day_of_week, status, marked_by) VALUES (714, 15, 1, 1, '2026-02-12', 'Thursday', 'absent', 10);
INSERT INTO attendance (id, student_id, subject_id, period_number, date, day_of_week, status, marked_by) VALUES (715, 16, 1, 1, '2026-02-12', 'Thursday', 'present', 10);
INSERT INTO attendance (id, student_id, subject_id, period_number, date, day_of_week, status, marked_by) VALUES (716, 17, 1, 1, '2026-02-12', 'Thursday', 'present', 10);
INSERT INTO attendance (id, student_id, subject_id, period_number, date, day_of_week, status, marked_by) VALUES (717, 18, 1, 1, '2026-02-12', 'Thursday', 'present', 10);
INSERT INTO attendance (id, student_id, subject_id, period_number, date, day_of_week, status, marked_by) VALUES (718, 19, 1, 1, '2026-02-12', 'Thursday', 'present', 10);
INSERT INTO attendance (id, student_id, subject_id, period_number, date, day_of_week, status, marked_by) VALUES (719, 20, 1, 1, '2026-02-12', 'Thursday', 'absent', 10);
